Date,Open,High,Low,Close,Volume
1/4/2021 16:00:00,156.67,158.18,156.54,157.54,13152865
1/5/2021 16:00:00,156.95,156.95,155.66,156.37,10458065
1/6/2021 16:00:00,153.82,153.85,152.29,153.16,22827290
1/7/2021 16:00:00,151.79,152.17,151.26,151.81,14651882
1/8/2021 16:00:00,151.48,151.96,150.66,151.32,13622819
1/11/2021 16:00:00,151,151.21,150.49,151.07,8380898
1/12/2021 16:00:00,150.79,151.16,149.93,150.95,12186305
1/13/2021 16:00:00,151.66,153.07,151.57,152.65,12533256
1/14/2021 16:00:00,152.58,152.64,150.79,151.22,14835458
1/15/2021 16:00:00,152.19,152.36,151.47,151.82,11624672
1/19/2021 16:00:00,151.62,152.36,151.51,152.31,9575571
1/20/2021 16:00:00,151.99,152.48,151.79,152.46,5368933
1/21/2021 16:00:00,151.44,151.75,151.1,151.39,8164729
1/22/2021 16:00:00,151.85,152.01,151.42,151.88,9507150
1/25/2021 16:00:00,152.76,153.69,152.64,153.67,8712616
1/26/2021 16:00:00,153.1,153.6,152.92,153.38,7690318
1/27/2021 16:00:00,154.07,154.5,153.53,153.77,7895249
1/28/2021 16:00:00,153.4,153.46,152.16,152.92,10667755
1/29/2021 16:00:00,151.42,152.49,151.3,152,14966238
2/1/2021 16:00:00,151.66,152.36,151.49,152,8165534
2/2/2021 16:00:00,150.74,151.09,150.52,151.02,9177457
2/3/2021 16:00:00,150.43,150.59,149.58,149.68,9633084
2/4/2021 16:00:00,149.16,149.49,148.8,149.28,8262613
2/5/2021 16:00:00,149.1,149.57,148.02,148.03,10258935
2/8/2021 16:00:00,148.3,149.26,148.04,148.68,11574766
2/9/2021 16:00:00,149.22,149.67,148.66,148.79,5218341
2/10/2021 16:00:00,149.28,149.78,149.14,149.78,8079802
2/11/2021 16:00:00,149.68,149.79,148.75,148.96,11962758
2/12/2021 16:00:00,147.7,148.08,147.03,147.11,14088379
2/16/2021 16:00:00,145.22,145.66,144.66,144.87,17789087
2/17/2021 16:00:00,145.95,146.38,144.98,145.79,11203329
2/18/2021 16:00:00,144.61,145.6,144.32,145.2,10755817
2/19/2021 16:00:00,144.06,144.32,142.85,143.27,12741726
2/22/2021 16:00:00,143.03,143.74,141.72,142.18,13203873
2/23/2021 16:00:00,141.52,142.5,141.14,141.77,12658455
2/24/2021 16:00:00,139.35,141.18,139.16,140.84,17363058
2/25/2021 16:00:00,139.52,139.92,136.61,138.54,52621705
2/26/2021 16:00:00,140.77,143.3,139.68,143.12,45423326
3/1/2021 16:00:00,140.66,141.41,140.09,141.06,22050428
3/2/2021 16:00:00,140.4,141.13,140.29,141.07,12482218
3/3/2021 16:00:00,139.38,140.15,138.76,139.54,19763736
3/4/2021 16:00:00,139.63,139.94,137.96,138.64,22366564
3/5/2021 16:00:00,138.17,139.34,137.99,138.91,20598039
3/8/2021 16:00:00,138.83,138.9,137.83,137.83,15236619
3/9/2021 16:00:00,139.27,139.82,138.97,139.74,14463394
3/10/2021 16:00:00,139.8,140.15,139.28,140.02,12387639
3/11/2021 16:00:00,139.17,139.38,138.46,139.01,14150742
3/12/2021 16:00:00,136.4,136.46,135.65,136.06,20402701
3/15/2021 16:00:00,136.49,137.09,136.41,136.86,11366662
3/16/2021 16:00:00,137.02,137.12,135.75,136.31,15567907
3/17/2021 16:00:00,135.15,135.53,134.15,135.29,27107490
3/18/2021 16:00:00,133.31,134.47,133.19,133.92,21622014
3/19/2021 16:00:00,134.08,134.83,133.8,134.75,18684950
3/22/2021 16:00:00,135.69,136.41,135.37,136.26,17047525
3/23/2021 16:00:00,136.59,137.54,136.15,137.49,16768448
3/24/2021 16:00:00,137.06,138.28,136.95,138.23,13862975
3/25/2021 16:00:00,138.39,138.66,137.09,137.14,20781964
3/26/2021 16:00:00,136.42,137.24,136.22,136.66,8433292
3/29/2021 16:00:00,136.83,136.85,134.97,135.5,13968084
3/30/2021 16:00:00,135.3,136.51,135.01,136.21,15020777
3/31/2021 16:00:00,136.34,136.59,134.98,135.45,19271281
4/1/2021 16:00:00,136.55,137.62,136.3,137.51,14885947
4/5/2021 16:00:00,136.55,136.97,135.94,136.91,8242978
4/6/2021 16:00:00,137.16,137.98,137.01,137.84,9282395
4/7/2021 16:00:00,137.45,138.1,136.88,136.88,11052827
4/8/2021 16:00:00,137.39,138.07,137.36,138.01,7847918
4/9/2021 16:00:00,137.5,138.19,137.09,137.51,8717951
4/12/2021 16:00:00,137.46,137.53,137.1,137.45,7658990
4/13/2021 16:00:00,137.3,138.51,137.2,138.48,13232786
4/14/2021 16:00:00,138.03,138.24,137.57,138.04,7293169
4/15/2021 16:00:00,139.49,140.98,139.46,140.35,23896725
4/16/2021 16:00:00,139.1,139.73,138.93,139.26,15238401
4/19/2021 16:00:00,138.74,139.31,138.55,138.86,13886874
4/20/2021 16:00:00,138.45,139.76,138.43,139.5,11476489
4/21/2021 16:00:00,139.54,139.91,139.07,139.78,11902155
4/22/2021 16:00:00,140,140.39,139.2,140.39,14156678
4/23/2021 16:00:00,140.38,140.47,139.49,140.06,12302248
4/26/2021 16:00:00,140.15,140.51,139.85,139.86,9103549
4/27/2021 16:00:00,139.59,139.82,138.53,138.64,14137281
4/28/2021 16:00:00,138.65,138.89,137.96,138.73,15263720
4/29/2021 16:00:00,137.45,138.36,137.13,138.32,17178229
4/30/2021 16:00:00,138.51,138.73,137.98,138.64,15692322
5/3/2021 16:00:00,138.7,139.65,138.28,138.52,16447651
5/4/2021 16:00:00,139.49,140.16,139.16,139.46,18640004
5/5/2021 16:00:00,139.03,139.85,138.92,139.69,11128146
5/6/2021 16:00:00,139.25,140.19,139.2,139.92,21907928
5/7/2021 16:00:00,140.1,140.6,138.91,139.23,18346877
5/10/2021 16:00:00,138.95,139.25,137.69,137.82,15146246
5/11/2021 16:00:00,137.23,137.48,136.77,137.04,15158611
5/12/2021 16:00:00,136.67,136.8,135.36,135.6,20859432
5/13/2021 16:00:00,135.93,136.37,135.63,135.81,13074735
5/14/2021 16:00:00,136.53,137.08,136.22,137.08,17566732
5/17/2021 16:00:00,136.83,137.17,136.57,136.79,6113792
5/18/2021 16:00:00,136.4,136.57,136.07,136.44,11423065
5/19/2021 16:00:00,136.54,137.3,135.62,136.11,14296300
5/20/2021 16:00:00,136.76,137.49,136.67,137.23,13310501
5/21/2021 16:00:00,137.66,137.7,137.06,137.67,10171561
5/24/2021 16:00:00,137.99,138.58,137.89,138.18,6736459
5/25/2021 16:00:00,138.63,139.5,138.62,139.46,12346882
5/26/2021 16:00:00,139.59,139.91,138.88,139.22,9793707
5/27/2021 16:00:00,138.5,138.69,137.99,138.66,10695157
5/28/2021 16:00:00,138.58,139.3,138.34,138.44,10258035
6/1/2021 16:00:00,137.82,138.26,137.25,138.21,11778666
6/2/2021 16:00:00,138.55,138.79,138.32,138.53,7347905
6/3/2021 16:00:00,138.51,138.51,137.85,138.01,10994063
6/4/2021 16:00:00,138.52,139.9,138.52,139.9,15773737
6/7/2021 16:00:00,139.59,139.71,139.32,139.47,7799833
6/8/2021 16:00:00,140.66,140.66,140.21,140.45,11231222
6/9/2021 16:00:00,141.76,142.15,141.25,141.69,12768309
6/10/2021 16:00:00,140.83,142.56,140.68,142.54,19698410
6/11/2021 16:00:00,142.31,142.4,141.84,142.31,8646698
6/14/2021 16:00:00,142.1,142.1,141.01,141.22,9401341
6/15/2021 16:00:00,140.8,141.09,140.48,141.05,18207559
6/16/2021 16:00:00,141.4,141.67,140.21,140.93,19676264
6/17/2021 16:00:00,141.86,144.93,141.64,143.04,35225794
6/18/2021 16:00:00,144.28,146.04,144.12,145.73,26616912
6/21/2021 16:00:00,144.39,144.49,143.02,143.29,16485035
6/22/2021 16:00:00,142.17,143.68,142.12,143.64,14530318
6/23/2021 16:00:00,143.11,143.5,142.71,143.27,12041212
6/24/2021 16:00:00,143.42,143.9,143.33,143.5,8788460
6/25/2021 16:00:00,143.26,143.4,141.37,142.01,15562491
6/28/2021 16:00:00,142.72,143.8,142.7,143.47,11460926
6/29/2021 16:00:00,143.1,143.72,143.04,143.71,11218106
6/30/2021 16:00:00,144.25,144.93,144.07,144.35,15708857
7/1/2021 16:00:00,143.98,144.31,143.53,144.17,10809998
7/2/2021 16:00:00,144.23,145.04,144.11,145.04,9650170
7/6/2021 16:00:00,145.72,146.99,145.72,146.74,20037177
7/7/2021 16:00:00,147.57,148.56,147.22,148.04,20964385
7/8/2021 16:00:00,148.88,149.44,148.17,148.62,17487838
7/9/2021 16:00:00,146.87,146.99,146.49,146.53,14483634
7/12/2021 16:00:00,147.09,147.23,146.17,146.34,10610428
7/13/2021 16:00:00,146.82,147.46,144.64,145.22,23340375
7/14/2021 16:00:00,146.01,146.92,145.81,146.87,16038556
7/15/2021 16:00:00,147.95,148.6,147.03,148.49,18462700
7/16/2021 16:00:00,147.34,148.34,147.32,148.21,12787919
7/19/2021 16:00:00,150.95,151.95,150.62,151.46,40203891
7/20/2021 16:00:00,152.53,152.71,149.76,150,25674791
7/21/2021 16:00:00,148.18,148.5,146.67,148.1,19988911
7/22/2021 16:00:00,148.11,149.81,148.06,149.5,18136907
7/23/2021 16:00:00,147.94,148.66,147.89,148.5,12639262
7/26/2021 16:00:00,149,149.06,147.88,148.06,10737870
7/27/2021 16:00:00,149.33,149.69,148.99,149.64,13036604
7/28/2021 16:00:00,148.67,149.67,148.27,149.65,14346869
7/29/2021 16:00:00,148.78,149.22,148.53,148.82,11532032
7/30/2021 16:00:00,149.13,149.72,149.06,149.52,14342162
8/2/2021 16:00:00,149.45,151.23,149.18,150.67,21232706
8/3/2021 16:00:00,150.75,151.23,150.39,150.75,13361939
8/4/2021 16:00:00,151.5,151.82,149.72,151.06,18267907
8/5/2021 16:00:00,150.76,150.92,150,150.29,15345359
8/6/2021 16:00:00,148.32,148.76,147.69,147.78,21144286
8/9/2021 16:00:00,148.15,148.56,147.23,147.25,12942623
8/10/2021 16:00:00,147.49,147.57,146.56,146.57,13716901
8/11/2021 16:00:00,146.41,147.23,145.71,146.48,17227605
8/12/2021 16:00:00,146.09,146.44,145.43,146.24,14710931
8/13/2021 16:00:00,146.83,148.56,146.81,148.55,18653828
8/16/2021 16:00:00,149.19,150.02,148.81,148.91,19171543
8/17/2021 16:00:00,148.88,149.47,148.67,148.85,14126883
8/18/2021 16:00:00,148.71,149.47,148.45,149.35,13143979
8/19/2021 16:00:00,150.31,150.46,149.81,150.45,15474585
8/20/2021 16:00:00,150.59,150.81,150.11,150.55,12388424
8/23/2021 16:00:00,150.2,150.5,149.92,150.45,10615040
8/24/2021 16:00:00,149.76,150.07,149.28,149.28,13835931
8/25/2021 16:00:00,149.21,149.37,147.58,148.04,16743814
8/26/2021 16:00:00,147.97,148.57,147.51,148.45,16657435
8/27/2021 16:00:00,148.57,149.49,148.33,149.46,15384740
8/30/2021 16:00:00,148.99,149.9,148.93,149.85,10596306
8/31/2021 16:00:00,149.67,150.09,148.5,148.83,15262401
9/1/2021 16:00:00,149.27,149.39,148.49,148.89,10807084
9/2/2021 16:00:00,149.24,149.55,148.75,149.54,9766003
9/3/2021 16:00:00,148.27,148.51,147.94,148.18,12928250
9/7/2021 16:00:00,147.26,147.52,146.66,146.93,15548172
9/8/2021 16:00:00,147.66,148.19,147.39,147.93,14533699
9/9/2021 16:00:00,148.17,149.89,147.85,149.72,20324739
9/10/2021 16:00:00,148.9,149.17,148.16,148.4,14894629
9/13/2021 16:00:00,149.04,149.49,148.95,149.3,15036064
9/14/2021 16:00:00,149.73,151.57,149.58,151.11,19918375
9/15/2021 16:00:00,151.21,151.25,149.93,150.58,11940558
9/16/2021 16:00:00,149.67,150.45,149.5,149.89,13328978
9/17/2021 16:00:00,149.18,149.36,148.7,149.17,13783034
9/20/2021 16:00:00,150.57,151.37,150.23,151.02,14660406
9/21/2021 16:00:00,150.71,150.96,150.2,150.89,10035770
9/22/2021 16:00:00,150.79,151.79,150.44,151.79,22277765
9/23/2021 16:00:00,150.42,150.45,148.34,148.36,23853343
9/24/2021 16:00:00,147.84,147.85,146.74,146.91,20203937
9/27/2021 16:00:00,146.06,146.87,145.88,146.37,13464252
9/28/2021 16:00:00,144.33,145.07,143.64,144.09,26613486
9/29/2021 16:00:00,144.8,145.43,143.69,144.34,23569416
9/30/2021 16:00:00,144.1,144.51,143.65,144.32,22567556
10/1/2021 16:00:00,144.85,145.4,144.2,145.35,26151798
10/4/2021 16:00:00,144.67,145.46,144.1,144.98,28027596
10/5/2021 16:00:00,144.6,144.7,143.46,143.58,22659503
10/6/2021 16:00:00,144.23,144.72,144.03,144.39,18696687
10/7/2021 16:00:00,143.19,143.34,142.59,142.88,14856041
10/8/2021 16:00:00,142.26,142.35,141.53,141.88,17257754
10/11/2021 16:00:00,141.6,141.9,141.45,141.52,7213403
10/12/2021 16:00:00,142.63,144.01,142.48,143.94,17968952
10/13/2021 16:00:00,144.61,145.53,144.58,145.34,23584827
10/14/2021 16:00:00,145.37,145.96,144.95,145.88,12950609
10/15/2021 16:00:00,145,145.14,144.47,145.03,11811540
10/18/2021 16:00:00,145,146,144.52,145.71,12115879
10/19/2021 16:00:00,144.66,144.73,143.65,143.7,12156566
10/20/2021 16:00:00,143.25,143.68,142.51,142.73,12782477
10/21/2021 16:00:00,143,143.15,142.23,142.56,13660022
10/22/2021 16:00:00,143.45,144.4,143.21,144.13,13740010
10/25/2021 16:00:00,143.67,144.3,143.63,143.91,8138047
10/26/2021 16:00:00,144.62,145.1,143.74,145.1,13670997
10/27/2021 16:00:00,146.4,148.18,145.93,147.74,22092262
10/28/2021 16:00:00,147.79,148.33,146.84,147.24,17497586
10/29/2021 16:00:00,146.47,148,146.32,147.69,19087338
11/1/2021 16:00:00,145.8,146.76,145.7,146.44,18035452
11/2/2021 16:00:00,146.5,147.57,146.5,147.09,9836737
11/3/2021 16:00:00,147.82,147.98,145.53,145.57,20639350
11/4/2021 16:00:00,145.87,147.36,145.85,147.1,15922377
11/5/2021 16:00:00,148.52,149.58,148.13,149.3,21513029
11/8/2021 16:00:00,148.96,149.28,148.51,149.02,12083905
11/9/2021 16:00:00,150.8,151.77,150.64,150.96,23430239
11/10/2021 16:00:00,150.83,150.93,147.03,148.2,28170644
11/11/2021 16:00:00,148.51,148.66,147.89,147.98,5552818
11/12/2021 16:00:00,148,148.51,146.76,147.33,12711972
11/15/2021 16:00:00,146.89,146.96,145.22,145.48,15232710
11/16/2021 16:00:00,145.69,146.38,144.85,145.11,12998708
11/17/2021 16:00:00,144.57,146.29,144.46,146.26,14239864
11/18/2021 16:00:00,145.99,146.9,145.95,146.81,11055620
11/19/2021 16:00:00,147.58,148.6,147.58,148.36,14022924
11/22/2021 16:00:00,147.4,147.64,146.13,146.62,15267367
11/23/2021 16:00:00,145.93,146.11,144.5,144.5,15321246
11/24/2021 16:00:00,144.94,146.82,144.79,146.82,13769705
11/26/2021 13:00:00,148.83,150.68,148.67,150.53,20064778
11/29/2021 16:00:00,148.31,149.64,148.17,149.32,23234231
11/30/2021 16:00:00,150.83,152.07,150.25,151.59,31481117
12/1/2021 16:00:00,150.49,152.41,149.79,152.34,30838845
12/2/2021 16:00:00,152.93,152.99,150.76,152.53,17754176
12/3/2021 16:00:00,151.68,155.12,151.35,154.35,34427106
12/6/2021 16:00:00,154.05,154.35,151.93,152.23,30924205
12/7/2021 16:00:00,151.72,152.53,150.86,151,22115851
12/8/2021 16:00:00,150.47,150.48,148.36,148.39,33633891
12/9/2021 16:00:00,149.34,149.84,148.48,149.22,17544892
12/10/2021 16:00:00,149.92,150.24,148.81,148.86,14298740
12/13/2021 16:00:00,150.39,151.31,150.31,151.06,17860465
12/14/2021 16:00:00,150.37,150.93,149.31,150.7,14015451
12/15/2021 16:00:00,149.61,150.79,149.13,149.25,25383933
12/16/2021 16:00:00,148.75,149.88,148.73,149.14,18677893
12/17/2021 16:00:00,150.34,150.98,150.16,150.83,18094619
12/20/2021 16:00:00,150.75,151.02,149.6,149.7,17147276
12/21/2021 16:00:00,148.14,149.2,147.62,149.13,16598163
12/22/2021 16:00:00,149.73,149.86,149.02,149.82,12253936
12/23/2021 16:00:00,149.59,149.6,148.03,148.52,11642576
12/27/2021 16:00:00,148.46,149.01,148.32,148.88,7822856
12/28/2021 16:00:00,149.6,149.78,148.01,148.29,9176428
12/29/2021 16:00:00,146.91,147.31,146.41,146.67,11771223
12/30/2021 16:00:00,147.25,147.97,146.45,147.9,10355046
12/31/2021 16:00:00,147.81,149.03,147.43,148.19,13402321
1/3/2022 16:00:00,146.41,146.94,144.28,144.3,33860382
1/4/2022 16:00:00,143.61,144.13,142.74,143.7,21996350
1/5/2022 16:00:00,144.14,144.16,142.71,142.92,20911677
1/6/2022 16:00:00,142.59,143.44,142.29,143.29,18996353
1/7/2022 16:00:00,143.13,143.24,141.56,142.26,18756845
1/10/2022 16:00:00,141.65,142.81,141.36,142.61,13775770
1/11/2022 16:00:00,142.88,143.63,142.7,143.56,24388906
1/12/2022 16:00:00,143.9,144.01,143,143.01,14440646
1/13/2022 16:00:00,143.39,144.42,143.03,144.28,15166030
1/14/2022 16:00:00,143.42,143.46,141.79,142.1,22997531
1/18/2022 16:00:00,140.96,141.31,140.02,140.1,21173750
1/19/2022 16:00:00,140.53,141.71,140.31,141.07,17930463
1/20/2022 16:00:00,141.37,141.99,141.09,141.94,13958952
1/21/2022 16:00:00,143.4,144.1,142.67,143.63,28916580
1/24/2022 16:00:00,144.3,144.37,142.43,142.45,25005719
1/25/2022 16:00:00,143.11,143.71,141.8,142.22,15598988
1/26/2022 16:00:00,142.26,142.57,140.49,140.5,23655546
1/27/2022 16:00:00,142.41,143.37,142.33,143.08,21501789
1/28/2022 16:00:00,142.09,143.46,141.85,143.13,12826512
1/31/2022 16:00:00,142.18,142.95,141.96,142.39,13998392
2/1/2022 16:00:00,142.28,142.36,141.06,141.72,20806097
2/2/2022 16:00:00,141.95,143.57,141.93,142.2,18404569
2/3/2022 16:00:00,140.44,141.48,140.18,141.09,17234053
2/4/2022 16:00:00,139.85,140.14,138.78,139.01,23609757
2/7/2022 16:00:00,138.91,139.31,138.55,139.1,12962436
2/8/2022 16:00:00,138.21,138.58,137.82,138.17,16269187
2/9/2022 16:00:00,138.72,139.37,138.19,138.43,14349139
2/10/2022 16:00:00,137.66,137.83,135.84,136.23,30896240
2/11/2022 16:00:00,136.87,138.51,135.36,138.25,43210273
2/14/2022 16:00:00,137.13,137.74,135.97,136.53,23157421
2/15/2022 16:00:00,135.6,135.84,134.94,134.98,18200703
2/16/2022 16:00:00,135.95,136.07,134.51,135.78,16473677
2/17/2022 16:00:00,136.45,137.57,135.9,136.79,24508242
2/18/2022 16:00:00,137.52,138.37,137.16,138.23,17522577
2/22/2022 16:00:00,137.69,138.67,137.47,138.59,19534043
2/23/2022 16:00:00,137.68,137.85,136.57,136.68,17757840
2/24/2022 16:00:00,139.1,139.37,136.25,136.77,28150362
2/25/2022 16:00:00,136.86,137.31,136.18,136.87,15025360
2/28/2022 16:00:00,138.43,140.04,138.32,139.87,25817704
3/1/2022 16:00:00,140.36,142.33,140,141.3,35664355
3/2/2022 16:00:00,139.84,140.42,136.41,136.47,30397410
3/3/2022 16:00:00,137.49,138.7,137.02,137.86,20649063
3/4/2022 16:00:00,140.36,140.82,139.31,140.24,25854808
3/7/2022 16:00:00,139.12,140.64,138.77,139.17,23710932
3/8/2022 16:00:00,137.51,138.25,137.25,137.77,28331275
3/9/2022 16:00:00,137.07,137.34,136.13,136.42,18819154
3/10/2022 16:00:00,134.83,135.17,133.72,134.46,26868881
3/11/2022 16:00:00,134.33,135.45,134.21,134.91,15583795
3/14/2022 16:00:00,132.7,132.89,131.72,131.76,24384956
3/15/2022 16:00:00,132.86,133.15,131.19,131.53,17518754
3/16/2022 16:00:00,131.83,133.13,130.32,132.82,25857702
3/17/2022 16:00:00,132.82,133.34,131.07,131.83,19330578
3/18/2022 16:00:00,132.57,133.54,132.57,133.44,55891681
3/21/2022 16:00:00,131.28,131.67,129.75,130.35,26122048
3/22/2022 16:00:00,128.96,129.34,128.34,128.68,21830886
3/23/2022 16:00:00,129.37,131.6,128.86,131.5,21266117
3/24/2022 16:00:00,129.65,131.18,129.6,130.47,17141591
3/25/2022 16:00:00,129.5,129.52,127.65,128.66,25689789
3/28/2022 16:00:00,129.39,130.56,129.04,129.76,17657777
3/29/2022 16:00:00,130.56,131.55,129.74,130.74,19319654
3/30/2022 16:00:00,130.07,132.01,129.99,131.76,16310219
3/31/2022 16:00:00,131.98,132.67,131.66,132.08,19900953
4/1/2022 16:00:00,130.01,132.96,129.71,132.38,23489724
4/4/2022 16:00:00,131.93,131.98,130.71,131.46,13609923
4/5/2022 16:00:00,130.76,130.78,128.29,128.49,25196929
4/6/2022 16:00:00,126.43,128.3,126.4,127.45,22951954
4/7/2022 16:00:00,126.11,126.67,125.41,126.49,23458768
4/8/2022 16:00:00,125.45,125.83,124.26,125.12,26859158
4/11/2022 16:00:00,123.92,124.19,122.56,123.14,30020696
4/12/2022 16:00:00,124.05,124.16,122.67,122.97,23124178
4/13/2022 16:00:00,123.05,124.3,122.89,123.22,17189500
4/14/2022 16:00:00,122.86,122.93,120.38,120.75,34274530
4/18/2022 16:00:00,120.87,121.08,119.69,120.15,18784253
4/19/2022 16:00:00,119.15,119.72,118.67,119.25,26012315
4/20/2022 16:00:00,120.22,121.97,119.92,121.65,31423175
4/21/2022 16:00:00,120.83,120.91,119.17,120.75,23323244
4/22/2022 16:00:00,120.07,121.44,119.81,119.99,19773405
4/25/2022 16:00:00,121.38,122.19,121.13,121.19,25418916
4/26/2022 16:00:00,122.44,123.03,121.76,122.41,26931347
4/27/2022 16:00:00,122.19,122.32,120.77,120.84,14560521
4/28/2022 16:00:00,120.39,121.07,120.01,121.02,16892495
4/29/2022 16:00:00,119.31,120.97,119.11,119.45,26153421
5/2/2022 16:00:00,117.86,118.27,116.93,117.18,29233885
5/3/2022 16:00:00,119.04,119.31,117.89,117.97,21256662
5/4/2022 16:00:00,117.97,118.97,117.35,118.62,25575688
5/5/2022 16:00:00,116.35,116.47,114.02,115.37,48384528
5/6/2022 16:00:00,114.14,115.04,113.31,113.67,32790491
5/9/2022 16:00:00,112.86,114.71,112.62,114.67,26773036
5/10/2022 16:00:00,115.89,116.96,115.48,115.71,33640756
5/11/2022 16:00:00,114.74,117.94,114.44,117.94,34173628
5/12/2022 16:00:00,118.02,118.89,117.66,117.72,26405693
5/13/2022 16:00:00,116.98,117.15,115.9,115.98,20782747
5/16/2022 16:00:00,116.21,116.94,115.85,115.86,11050571
5/17/2022 16:00:00,114.71,115.35,114.36,114.46,15040753
5/18/2022 16:00:00,114.72,117,114.61,116.9,21337265
5/19/2022 16:00:00,118.64,118.72,116.85,117.18,21937465
5/20/2022 16:00:00,117.09,119.02,117.06,118.51,22780940
5/23/2022 16:00:00,117.71,118.25,116.54,116.56,15925189
5/24/2022 16:00:00,117.9,119.64,117.86,118.86,23388212
5/25/2022 16:00:00,119.61,119.62,118.59,119.33,14410842
5/26/2022 16:00:00,119.02,119.09,117.8,118.79,14912949
5/27/2022 16:00:00,119.36,119.74,118.74,119.08,11190426
5/31/2022 16:00:00,117.18,117.23,115.93,116.56,28393674
6/1/2022 16:00:00,117.03,117.34,115.69,116.22,15544848
6/2/2022 16:00:00,116.63,116.71,115.46,116.28,9832015
6/3/2022 16:00:00,115.09,116.06,114.87,116.03,15330410
6/6/2022 16:00:00,115.15,115.51,113.81,113.89,20815373
6/7/2022 16:00:00,114.61,115.78,114.58,115.12,14278653
6/8/2022 16:00:00,114.68,115.13,114.08,114.1,11476139
6/9/2022 16:00:00,113.84,114.71,113.68,114.48,15527256
6/10/2022 16:00:00,114.36,114.61,112.97,113.77,21917058
6/13/2022 16:00:00,111.49,111.67,109.24,110.2,36968312
6/14/2022 16:00:00,110.53,110.98,108.59,108.81,21865876
6/15/2022 16:00:00,110.09,110.99,109.03,110.84,25202801
6/16/2022 16:00:00,108.45,111.72,108.12,111.72,26067258
6/17/2022 16:00:00,112.01,112.83,110.96,112.08,21614262
6/21/2022 16:00:00,110.09,111.02,109.81,110.18,17663799
6/22/2022 16:00:00,112.69,113.31,112.38,113.21,23703814
6/23/2022 16:00:00,113.9,115.17,113.49,114.14,20669222
6/24/2022 16:00:00,113.46,114.17,112.5,112.56,18161250
6/27/2022 16:00:00,111.22,112.22,111.16,111.6,12053040
6/28/2022 16:00:00,111.29,112.18,110.87,112.12,13708196
6/29/2022 16:00:00,112.38,113.9,112.17,113.87,12925357
6/30/2022 16:00:00,114.86,115.77,114.75,114.87,25802128
7/1/2022 16:00:00,115.9,117.59,115.22,115.82,21858829
7/5/2022 16:00:00,116.89,117.75,116.17,116.73,16689670
7/6/2022 16:00:00,117.39,117.54,114.77,114.77,20205365
7/7/2022 16:00:00,115.1,115.17,113.51,113.76,13087988
7/8/2022 16:00:00,113.5,113.5,112.05,112.5,15320004
7/11/2022 16:00:00,113.79,114.79,113.7,114.44,13639942
7/12/2022 16:00:00,115.51,116.23,114.97,115.12,18547318
7/13/2022 16:00:00,113.77,116.65,113.45,116.44,20594832
7/14/2022 16:00:00,115.08,116.16,114.47,115.49,15664987
7/15/2022 16:00:00,115.84,116.82,115.6,116.14,16022586
7/18/2022 16:00:00,115.25,115.32,114.18,114.93,15838268
7/19/2022 16:00:00,114.91,115.15,113.66,114.31,9276754
7/20/2022 16:00:00,115.48,115.55,114.05,114.61,9117311
7/21/2022 16:00:00,115.19,116.72,115.01,116.59,14754886
7/22/2022 16:00:00,118.29,119.27,117.97,118.55,17715311
7/25/2022 16:00:00,116.71,117.54,116.47,117.39,24868134
7/26/2022 16:00:00,118.86,119.24,117.4,117.48,13535963
7/27/2022 16:00:00,118.01,118.49,116.71,116.82,15725564
7/28/2022 16:00:00,118.05,118.92,117.32,117.75,16637914
7/29/2022 16:00:00,117.7,119.31,117.33,117.43,16655870
8/1/2022 16:00:00,118.25,120.1,118.08,120.04,17974560
8/2/2022 16:00:00,120.15,120.69,117.29,117.5,17896257
8/3/2022 16:00:00,117.17,119.49,116.33,119.35,16731172
8/4/2022 16:00:00,118.98,119.55,118.54,119.31,11003006
8/5/2022 16:00:00,117.07,117.11,115.89,116.47,19492287
8/8/2022 16:00:00,117.64,118.53,117.56,118.35,17477736
8/9/2022 16:00:00,117.73,118.36,117.46,117.89,8223201
8/10/2022 16:00:00,117.73,118.91,116.73,117.12,14665302
8/11/2022 16:00:00,116.87,117.06,114.09,114.39,20663783
8/12/2022 16:00:00,115.1,115.57,114.43,115.55,12178401
8/15/2022 16:00:00,116.33,116.75,115.45,115.45,9031814
8/16/2022 16:00:00,115.25,116.02,114.24,115.93,11065955
8/17/2022 16:00:00,115.06,115.1,114.31,114.72,14131281
8/18/2022 16:00:00,114.97,115.64,114.59,114.89,10738208
8/19/2022 16:00:00,113.23,113.34,112.74,113.04,16330898
8/22/2022 16:00:00,112.86,112.96,112.13,112.66,10457236
8/23/2022 16:00:00,112.19,113.48,111.74,112.04,17813184
8/24/2022 16:00:00,111.49,111.87,110.86,111.22,13971626
8/25/2022 16:00:00,111.32,113.09,110.99,112.77,21429692
8/26/2022 16:00:00,112.3,113.99,112.01,113.62,18764391
8/29/2022 16:00:00,112.94,113.01,112.13,112.68,14278261
8/30/2022 16:00:00,112.62,113.51,112.21,112.96,14346559
8/31/2022 16:00:00,112.69,113.34,111.58,111.88,13623548
9/1/2022 16:00:00,109.87,110.25,108.94,109.6,22490448
9/2/2022 16:00:00,109.68,110.56,109.47,110.22,13024448
9/6/2022 16:00:00,108.9,108.97,107.42,107.49,24648520
9/7/2022 16:00:00,108.32,109.48,108.21,109.19,17050131
9/8/2022 16:00:00,108.84,109.52,108.05,108.07,14671366
9/9/2022 16:00:00,108.33,108.8,107.63,108.31,12529797
9/12/2022 16:00:00,108.63,108.89,106.92,107.42,14806921
9/13/2022 16:00:00,106.56,107.74,106.24,107.67,22158884
9/14/2022 16:00:00,107.34,108.21,107.12,108.04,13077844
9/15/2022 16:00:00,107.85,108.19,107.58,107.97,10260164
9/16/2022 16:00:00,107.03,108.05,106.77,107.07,18903848
9/19/2022 16:00:00,106.96,107.82,106.8,107.32,11084426
9/20/2022 16:00:00,105.69,106.84,105.4,106.25,20133840
9/21/2022 16:00:00,106.7,108.04,105.97,108.03,23132922
9/22/2022 16:00:00,105.79,105.96,104.73,105.27,29030571
9/23/2022 16:00:00,105.34,106.43,104.56,105.7,23042234
9/26/2022 16:00:00,105.36,105.41,103.22,103.68,25104572
9/27/2022 16:00:00,102.71,102.98,100.9,100.95,34609453
9/28/2022 16:00:00,103.13,104.45,102.48,104.33,39283095
9/29/2022 16:00:00,102.9,104.23,102.8,103.79,19127141
9/30/2022 16:00:00,104.27,104.86,102.23,102.45,26485690
10/3/2022 16:00:00,103.85,104.68,103.15,103.83,27192238
10/4/2022 16:00:00,104.15,104.65,103.3,103.54,13788739
10/5/2022 16:00:00,102.73,102.84,101.58,102.55,20522057
10/6/2022 16:00:00,102.59,102.84,101.53,101.98,13965691
10/7/2022 16:00:00,100.81,101.62,100.47,100.99,14814780
10/10/2022 16:00:00,100.5,100.51,98.8,99.42,15652632
10/11/2022 16:00:00,99.74,100.9,98.99,99.86,33246713
10/12/2022 16:00:00,99.28,100.54,99.19,100.35,21447565
10/13/2022 16:00:00,98.36,100.38,98.34,99.39,30292454
10/14/2022 16:00:00,100.19,100.19,98.25,98.57,18732892
10/17/2022 16:00:00,99.29,99.66,97.94,98.09,18969871
10/18/2022 16:00:00,97.95,98.46,96.87,98.32,16931451
10/19/2022 16:00:00,97.19,97.42,96.32,96.53,25431577
10/20/2022 16:00:00,95.93,96.33,94.74,94.88,25434934
10/21/2022 16:00:00,93.02,93.93,92.26,93.17,46280271
10/24/2022 16:00:00,92.82,93.55,91.85,92.4,31332597
10/25/2022 16:00:00,94.58,95.23,94.44,95.09,31213113
10/26/2022 16:00:00,95.77,96.69,95.77,96.46,24854742
10/27/2022 16:00:00,96.98,97.9,96.22,97.47,20270036
10/28/2022 16:00:00,96.86,97.63,96.41,96.8,22244089
10/31/2022 16:00:00,96.36,96.62,95.03,96.11,23956687
11/1/2022 16:00:00,97.38,97.42,96.21,96.77,17585088
11/2/2022 16:00:00,96.91,97.63,95.96,96.35,25010515
11/3/2022 16:00:00,95.17,96.38,95.09,95.83,29097497
11/4/2022 16:00:00,95.1,95.66,94.22,94.22,23561369
11/7/2022 16:00:00,94.8,94.86,93.24,93.28,14522820
11/8/2022 16:00:00,93.8,94.96,93.77,94.3,20360550
11/9/2022 16:00:00,93.82,95.02,93.69,94.61,15637456
11/10/2022 16:00:00,96.73,98.43,96.64,98.25,45380877
11/11/2022 16:00:00,97.57,98.37,97.54,97.89,15943114
11/14/2022 16:00:00,97.91,97.99,97.09,97.65,13711928
11/15/2022 16:00:00,98.25,99.3,98.11,99.23,26608180
11/16/2022 16:00:00,100.02,101.45,99.74,101.4,28507673
11/17/2022 16:00:00,100.2,100.57,99.78,100.33,24536378
11/18/2022 16:00:00,100.6,100.89,99.55,99.64,14941277
11/21/2022 16:00:00,100.69,100.82,99.8,100.06,15534009
11/22/2022 16:00:00,100.65,101.62,100.53,101.48,18103116
11/23/2022 16:00:00,102.14,103.25,102.08,103.25,23234587
11/25/2022 13:05:00,102.61,102.93,102.43,102.9,9486076
11/28/2022 16:00:00,103.61,103.81,102.69,103.19,14569219
11/29/2022 16:00:00,102.15,102.96,101.91,101.98,16576438
11/30/2022 16:00:00,101.62,102.73,101.37,102.73,21581659
12/1/2022 16:00:00,103.15,105.81,103.1,105.76,53156786
12/2/2022 16:00:00,105.3,107.1,104.61,107.09,24479525
12/5/2022 16:00:00,105.84,105.99,104.9,105.59,20159732
12/6/2022 16:00:00,106.5,107.39,106.19,106.95,21754513
12/7/2022 16:00:00,108.37,109.68,108.2,109.47,30546679
12/8/2022 16:00:00,108.7,109.45,108.47,109.17,13377290
12/9/2022 16:00:00,107.94,108.17,106.27,106.33,25872173
12/12/2022 16:00:00,107.86,108.11,106.26,106.67,16897091
12/13/2022 16:00:00,109.04,109.08,107.46,107.7,23854670
12/14/2022 16:00:00,107.66,108.32,106.89,108.16,19517531
12/15/2022 16:00:00,108.39,109.12,108.16,108.32,20255470
12/16/2022 16:00:00,106.6,107.83,106.31,107.11,20838343
12/19/2022 16:00:00,105.83,105.84,104.98,105.31,26126829
12/20/2022 16:00:00,103.38,103.81,103.1,103.44,28869030
12/21/2022 16:00:00,104.29,104.4,102.96,103.7,15894092
12/22/2022 16:00:00,103.67,104.12,103.38,103.68,11322512
12/23/2022 16:00:00,102.58,102.81,102.02,102.16,15408891
12/27/2022 16:00:00,100.49,101.07,100.01,100.14,26475730
12/28/2022 16:00:00,100.65,100.78,99.35,99.55,17302853
12/29/2022 16:00:00,99.86,100.99,99.79,100.68,16592967
12/30/2022 16:00:00,99.87,100.55,99.37,99.56,20810209
1/3/2023 16:00:00,102.2,102.34,100.84,101.46,25313228
1/4/2023 16:00:00,103.22,103.48,102.21,102.85,21678210
1/5/2023 16:00:00,101.87,103.29,101.78,103.28,14771117
1/6/2023 16:00:00,102.7,105.3,102.64,105.18,27473733
1/9/2023 16:00:00,104.41,105.93,104.27,105.74,21472166
1/10/2023 16:00:00,104.53,104.82,103.5,103.99,20545215
1/11/2023 16:00:00,104.97,105.72,104.7,105.68,18794029
1/12/2023 16:00:00,105.82,107.81,104.56,107.76,32029608
1/13/2023 16:00:00,107.1,107.8,106.38,106.75,17750775
1/17/2023 16:00:00,105.67,106.66,105.65,106.06,13911676
1/18/2023 16:00:00,108.46,108.77,107.12,108.63,35497241
1/19/2023 16:00:00,108.1,108.37,107.44,107.95,17194653
1/20/2023 16:00:00,106.96,107.24,106.11,106.2,22754067
1/23/2023 16:00:00,105.57,106.2,105.49,105.7,12961516
1/24/2023 16:00:00,106.12,107.45,105.39,107.22,16417220
1/25/2023 16:00:00,107.37,107.91,106.64,107.48,11906502
1/26/2023 16:00:00,107.14,107.65,106.49,106.98,15549352
1/27/2023 16:00:00,106.19,106.96,106.11,106.71,11845473
1/30/2023 16:00:00,106.46,107.16,106.19,106.32,11459667
1/31/2023 16:00:00,106.98,107.28,105.87,107.17,13705345
2/1/2023 16:00:00,107.55,108.59,106.42,108.18,25305791
2/2/2023 16:00:00,108.92,109.35,108.09,108.32,19548415
2/3/2023 16:00:00,106.77,107.11,106.08,106.7,20619484
2/6/2023 16:00:00,105.75,106.31,105.68,105.91,15182444
2/7/2023 16:00:00,105.33,106.23,105,105.06,18290306
2/8/2023 16:00:00,105.04,105.58,104.39,105.56,13530655
2/9/2023 16:00:00,106.47,106.62,104.39,104.56,20469923
2/10/2023 16:00:00,104.4,104.44,103.12,103.39,16598349
2/13/2023 16:00:00,103.71,104.42,103.58,104.26,13134299
2/14/2023 16:00:00,104.2,104.83,103.14,104.02,15440317
2/15/2023 16:00:00,103.55,103.95,102.5,103.05,15567607
2/16/2023 16:00:00,102.07,102.22,101.33,101.59,19267327
2/17/2023 16:00:00,101.1,102.38,100.97,102.38,19560871
2/21/2023 16:00:00,101.01,101.2,100.28,100.39,22727975
2/22/2023 16:00:00,100.99,101.69,100.95,101.31,15165423
2/23/2023 16:00:00,101.54,102.59,101.47,102.3,15829077
2/24/2023 16:00:00,101.44,101.8,100.56,100.97,21403577
2/27/2023 16:00:00,101.29,101.7,100.91,101.25,14209183
2/28/2023 16:00:00,100.57,101.72,100.28,101.71,14955716
3/1/2023 16:00:00,100.82,101.03,99.96,100.37,19000033
3/2/2023 16:00:00,99.06,99.65,98.88,99.48,23769180
3/3/2023 16:00:00,100.93,101.9,100.57,101.89,30877342
3/6/2023 16:00:00,102.22,102.34,100.99,101.1,16631871
3/7/2023 16:00:00,101.46,102.37,100.88,101.72,23096462
3/8/2023 16:00:00,102.4,102.97,101.42,101.82,20252359
3/9/2023 16:00:00,101.55,102.52,101.33,102.07,21550356
3/10/2023 16:00:00,104.03,105.69,104,105.59,43921484
3/13/2023 16:00:00,108.2,109.1,105.04,105.83,51502460
3/14/2023 16:00:00,105.14,105.61,103.75,104.09,38417777
3/15/2023 16:00:00,106.78,107.71,105.35,106.1,45164118
3/16/2023 16:00:00,107.38,108.03,105.04,105.27,43103531
3/17/2023 16:00:00,106.65,107.73,106.46,106.85,38128985
3/20/2023 16:00:00,106.88,106.96,105.72,105.91,24242781
3/21/2023 16:00:00,105.08,105.42,104.54,105,18934923
3/22/2023 16:00:00,104.66,106.45,104.44,106.4,26388481
3/23/2023 16:00:00,105.36,106.55,104.82,106.4,25475128
3/24/2023 16:00:00,107.09,107.43,106.26,106.85,23657586
3/27/2023 16:00:00,105.05,105.76,104.33,104.34,22224508
3/28/2023 16:00:00,104.24,104.68,104.02,104.53,17794343
3/29/2023 16:00:00,103.7,104.45,103.6,104.32,16804393
3/30/2023 16:00:00,104.46,105.05,104.27,104.8,14315802
3/31/2023 16:00:00,105.35,106.56,105.08,106.37,25396684
4/3/2023 16:00:00,105.88,107.1,105.7,106.6,18234843
4/4/2023 16:00:00,105.78,107.8,105.75,107.13,18052419
4/5/2023 16:00:00,107.77,108.37,107.41,108.25,23047703
4/6/2023 16:00:00,108.42,108.87,108.39,108.53,16447295
4/10/2023 16:00:00,107.64,107.76,106.56,106.78,19134399
4/11/2023 16:00:00,107.05,107.09,106.51,107,13971249
4/12/2023 16:00:00,107.05,107.17,105.88,106.89,20563001
4/13/2023 16:00:00,107.05,107.39,105.88,106.05,22079384
4/14/2023 16:00:00,105.39,105.55,104.77,105.08,19801897
4/17/2023 16:00:00,104.42,104.59,103.71,103.83,19528811
4/18/2023 16:00:00,103.81,104.59,103.8,104.2,15922623
4/19/2023 16:00:00,103.91,104.24,103.48,104.1,16093905
4/20/2023 16:00:00,104.83,105.28,104.75,104.99,16450090
4/21/2023 16:00:00,105.3,105.46,104.27,104.4,15244718
4/24/2023 16:00:00,104.96,105.49,104.84,105.41,17034309
4/25/2023 16:00:00,106.33,107.13,106.28,106.96,21899884
4/26/2023 16:00:00,106.79,107.24,105.67,105.82,19610403
4/27/2023 16:00:00,105.2,105.27,104.61,104.77,20247619
4/28/2023 16:00:00,106.21,106.76,105.86,106.46,26954077
5/1/2023 16:00:00,105.27,105.42,102.84,103.13,32487293
5/2/2023 16:00:00,104,105.7,103.89,105.7,30057756
5/3/2023 16:00:00,106,106.6,105.28,106.29,23656168
5/4/2023 16:00:00,105.22,106.45,105.15,105.24,25110469
5/5/2023 16:00:00,104.35,104.9,104.11,104.89,15096463
5/8/2023 16:00:00,103.52,103.87,103.32,103.42,20587042
5/9/2023 16:00:00,103.5,103.64,103,103.05,19182506
5/10/2023 16:00:00,103.67,104.24,103.64,104.05,22886805
5/11/2023 16:00:00,105.3,105.52,104.72,105.15,19147223
5/12/2023 16:00:00,105.05,105.25,104.25,104.27,14198538
5/15/2023 16:00:00,103.39,103.47,103.12,103.19,20085302
5/16/2023 16:00:00,102.4,102.9,102.11,102.88,29251698
5/17/2023 16:00:00,103.08,103.16,102.35,102.58,21340887
5/18/2023 16:00:00,102.2,102.26,101.75,101.82,25536613
5/19/2023 16:00:00,101.26,101.86,100.93,101.1,29038022
5/22/2023 16:00:00,101.25,101.71,100.67,100.74,20131107
5/23/2023 16:00:00,100.43,101.25,100.28,101.03,21749470
5/24/2023 16:00:00,101.28,101.36,100.53,100.53,18473351
5/25/2023 16:00:00,100.7,100.8,100.03,100.28,22492819
5/26/2023 16:00:00,100.12,101.17,100,101.09,17030266
5/30/2023 16:00:00,101.4,102.24,101.25,102.1,23125160
5/31/2023 16:00:00,101.99,103.18,101.87,102.99,23787034
6/1/2023 16:00:00,103.28,103.63,102.63,103.12,21040382
6/2/2023 16:00:00,103,103.07,101.94,101.99,19136515
6/5/2023 16:00:00,101.35,102.44,101.21,101.8,14433172
6/6/2023 16:00:00,101.84,102.47,101.39,102.4,14332121
6/7/2023 16:00:00,102.17,102.43,100.78,100.88,25251099
6/8/2023 16:00:00,100.87,102.14,100.8,102.06,23848659
6/9/2023 16:00:00,101.6,102.27,101.34,101.92,22148561
6/12/2023 16:00:00,102.24,102.3,101.12,102.22,19024132
6/13/2023 16:00:00,102.11,102.33,100.97,101.21,25910828
6/14/2023 16:00:00,101.63,102.29,101.46,102.02,29094244
6/15/2023 16:00:00,103.03,103.63,102.6,103,25731994
6/16/2023 16:00:00,102.44,102.83,102.03,102.6,16759084
6/20/2023 16:00:00,103.11,103.66,103.11,103.31,17163972
6/21/2023 16:00:00,102.81,103.65,102.34,103.56,19720142
6/22/2023 16:00:00,102.8,103.25,102.2,102.31,23633350
6/23/2023 16:00:00,103.83,103.95,102.98,103.33,22901918
6/26/2023 16:00:00,103.62,103.8,103.16,103.44,12894937
6/27/2023 16:00:00,103.59,103.95,102.76,103.17,18105686
6/28/2023 16:00:00,103.41,103.84,102.83,103.61,23826807
6/29/2023 16:00:00,102.17,102.34,101.45,101.74,41091617
6/30/2023 16:00:00,102.06,103.06,101.87,102.94,32024910
7/3/2023 13:05:00,102.84,103.26,102.06,102.08,16011810
7/5/2023 16:00:00,101.89,102,100.74,101.11,28170286
7/6/2023 16:00:00,100.2,100.38,99.47,99.68,41375735
7/7/2023 16:00:00,99.18,99.6,98.99,99.08,28996478
7/10/2023 16:00:00,98.86,99.53,98.85,99.21,24665198
7/11/2023 16:00:00,99.57,99.97,99.29,99.72,20491147
7/12/2023 16:00:00,100.1,101.12,99.77,100.83,31927964
7/13/2023 16:00:00,101.31,101.97,101.03,101.89,32441493
7/14/2023 16:00:00,101.72,101.94,101.24,101.29,18568974
7/17/2023 16:00:00,101.23,101.49,100.92,101.34,18828245
7/18/2023 16:00:00,101.8,102.07,101.57,101.8,15412764
7/19/2023 16:00:00,102,102.98,101.73,102.95,27192463
7/20/2023 16:00:00,102.22,102.31,101.28,101.7,56951188
7/21/2023 16:00:00,102.16,102.35,101.63,101.73,20657453
7/24/2023 16:00:00,101.99,102.15,101.3,101.36,17546711
7/25/2023 16:00:00,100.83,101.5,100.8,101.17,17160556
7/26/2023 16:00:00,101.68,101.69,100.93,101.27,19310659
7/27/2023 16:00:00,100.71,100.93,98.91,99.3,44794390
7/28/2023 16:00:00,99.4,99.86,99.15,99.81,27433966
7/31/2023 16:00:00,99.65,100.33,99.62,100.05,28665164
8/1/2023 16:00:00,98.84,98.92,97.9,98.14,34985340
8/2/2023 16:00:00,97.04,97.24,96.41,97.09,38121255
8/3/2023 16:00:00,95.19,95.32,94.54,94.85,59449684
8/4/2023 16:00:00,95.15,96.68,95.13,96.53,42071834
8/7/2023 16:00:00,96.11,96.2,95.5,95.58,35862880
8/8/2023 16:00:00,96.86,97.37,96.44,96.69,24010511
8/9/2023 16:00:00,96.88,97.29,96.84,97.19,20151127
8/10/2023 16:00:00,97.04,97.36,95.59,95.59,37253246
8/11/2023 16:00:00,95.3,95.87,95.2,95.37,26753471
8/14/2023 16:00:00,95.21,95.93,94.9,95.16,19071967
8/15/2023 16:00:00,94.8,95.2,94.56,94.58,24125027
8/16/2023 16:00:00,94.28,94.79,93.72,93.84,23076663
8/17/2023 16:00:00,93.5,93.61,93.02,93.44,32244852
8/18/2023 16:00:00,93.43,94.19,93.3,93.77,24181708
8/21/2023 16:00:00,92.66,92.76,92.23,92.52,29254118
8/22/2023 16:00:00,92.64,93.28,92.46,93.23,21323072
8/23/2023 16:00:00,94.3,95.55,94.23,95.54,38294655
8/24/2023 16:00:00,95.13,95.55,94.89,94.91,22300818
8/25/2023 16:00:00,94.66,95.51,94.51,95.22,23865213
8/28/2023 16:00:00,95.65,95.66,94.89,95.32,16037346
8/29/2023 16:00:00,94.97,96.51,94.94,96.31,28478118
8/30/2023 16:00:00,96.16,96.4,95.88,96.21,17550106
8/31/2023 16:00:00,96.54,97.05,96.43,96.64,26959665
9/1/2023 16:00:00,95.8,95.82,94.62,94.85,32469677
9/5/2023 16:00:00,94.28,94.29,93.49,93.52,29435888
9/6/2023 16:00:00,94.09,94.11,93.46,93.75,23609041
9/7/2023 16:00:00,94,94.07,93.68,94.01,18091459
9/8/2023 16:00:00,94.38,94.9,94.17,94.37,17054175
9/11/2023 16:00:00,93.7,93.98,93.55,93.69,17061472
9/12/2023 16:00:00,93.89,94.24,93.58,94.23,20034330
9/13/2023 16:00:00,93.92,94.53,93.82,94.21,23332277
9/14/2023 16:00:00,93.94,94.21,93.4,93.53,27800615
9/15/2023 16:00:00,93.46,93.48,92.96,92.96,25642922
9/18/2023 16:00:00,92.85,93.53,92.82,93.49,17963376
9/19/2023 16:00:00,93.08,93.43,92.8,92.8,24947684
9/20/2023 16:00:00,93.29,93.6,93.04,93.09,29451164
9/21/2023 16:00:00,91.29,91.37,90.69,90.7,59958747
9/22/2023 16:00:00,90.81,91.61,90.67,91.43,29530323
9/25/2023 16:00:00,89.66,90.04,89.15,89.18,45587914
9/26/2023 16:00:00,89.43,89.62,88.71,88.87,38104127
9/27/2023 16:00:00,89.54,89.62,88.09,88.41,47111201
9/28/2023 16:00:00,87.62,88.73,87.1,88.68,60238010
9/29/2023 16:00:00,89.27,89.49,88.13,88.69,49010145
10/2/2023 16:00:00,87.82,87.93,86.71,86.93,44704259
10/3/2023 16:00:00,86.31,86.65,84.89,85.06,71362641
10/4/2023 16:00:00,85.77,86.31,85.37,86.26,56281598
10/5/2023 16:00:00,86.11,86.19,85.64,85.83,35758761
10/6/2023 16:00:00,84.2,85.69,84.06,84.79,62787857
10/9/2023 16:00:00,85.5,86.8,84.95,86.78,29424888
10/10/2023 16:00:00,85.85,87.17,85.52,86.66,54743911
10/11/2023 16:00:00,87.85,88.47,87.6,88.47,58517653
10/12/2023 16:00:00,88.05,88.19,85.93,86.07,66986734
10/13/2023 16:00:00,87.6,87.83,87.17,87.61,44203089
10/16/2023 16:00:00,86.19,86.37,85.9,86.2,38309794
10/17/2023 16:00:00,84.89,85.63,84.5,85.25,52949096
10/18/2023 16:00:00,84.38,84.72,83.85,84.5,63724616
10/19/2023 16:00:00,83.88,84.57,82.74,82.77,87696929
10/20/2023 16:00:00,82.99,83.54,82.77,83.24,52188750
10/23/2023 16:00:00,82.81,84.86,82.42,84.24,70890435
10/24/2023 16:00:00,84.44,85.35,84.09,85.35,46267684
10/25/2023 16:00:00,84.02,84.13,83.13,83.45,60737170
10/26/2023 16:00:00,83.48,84.82,83.4,84.73,49704075
10/27/2023 16:00:00,84.19,84.97,83.74,84.37,32362270
10/30/2023 16:00:00,83.81,84.5,83.24,83.99,45026920
10/31/2023 16:00:00,84.37,84.77,83.55,83.58,37269235
11/1/2023 16:00:00,84.04,85.12,84.02,85.1,72308463
11/2/2023 16:00:00,86.68,87.31,86.22,87.04,69739356
11/3/2023 16:00:00,88.81,89.05,87.58,87.63,77692250
11/6/2023 16:00:00,87.07,87.2,86.6,86.78,41341870
11/7/2023 16:00:00,87.61,88.5,87.59,88.06,37834193
11/8/2023 16:00:00,88.48,89.62,88.45,89.56,53893384
11/9/2023 16:00:00,88.94,89.03,86.74,87.5,88975095
11/10/2023 16:00:00,88.23,88.43,87.77,87.99,36594021
11/13/2023 16:00:00,87.22,87.94,86.9,87.79,25661516
11/14/2023 16:00:00,90,90.15,89.29,89.78,65666823
11/15/2023 16:00:00,89.01,89.14,88.31,88.52,56205295
11/16/2023 16:00:00,89.3,89.96,89.25,89.62,49473882
11/17/2023 16:00:00,90.16,90.43,89.64,90.04,44100610
11/20/2023 16:00:00,89.62,90.66,89.61,90.59,40517570
11/21/2023 16:00:00,90.5,90.8,89.89,90.55,27720966
11/22/2023 16:00:00,91.12,91.32,90.38,90.87,31215577
11/24/2023 13:05:00,90.1,90.26,89.79,89.8,20199626
11/27/2023 16:00:00,90.3,91.34,90.21,91.3,39804428
11/28/2023 16:00:00,90.91,91.53,90.79,91.48,44989267
11/29/2023 16:00:00,92.11,92.7,91.78,92.63,61647846
11/30/2023 16:00:00,91.97,92.29,91.16,91.56,60520870
12/1/2023 16:00:00,91.31,93.06,91.13,92.99,64172227
12/4/2023 16:00:00,92.49,92.83,92.09,92.62,33766250
12/5/2023 16:00:00,93.63,94.62,93.57,94.61,73588581
12/6/2023 16:00:00,95.08,96.05,94.87,95.87,61606082
12/7/2023 16:00:00,95.18,96.08,95.06,95.32,47970168
12/8/2023 16:00:00,94.42,94.72,93.91,94.54,44809246
12/11/2023 16:00:00,94.01,94.44,93.53,94.34,33909733
12/12/2023 16:00:00,94.15,94.7,93.9,94.62,36996909
12/13/2023 16:00:00,95.17,96.98,95.02,96.84,70828499
12/14/2023 16:00:00,97.66,99.04,97.42,99.04,87798591
12/15/2023 16:00:00,98.69,99.35,98.58,99.15,59941256
12/18/2023 16:00:00,98.5,98.5,98.02,98.36,34746018
12/19/2023 16:00:00,98.86,99.26,98.66,98.89,30018415
12/20/2023 16:00:00,99.11,99.69,98.58,99.56,51229377
12/21/2023 16:00:00,99.74,99.84,98.75,98.93,65231183
12/22/2023 16:00:00,99.38,99.38,98.24,98.48,29244249
12/26/2023 16:00:00,98.54,98.87,98.48,98.76,24019749
12/27/2023 16:00:00,99.78,100.53,99.5,100.51,45082814
12/28/2023 16:00:00,100.09,100.57,99.56,99.78,36212985
12/29/2023 16:00:00,99.13,99.82,98.8,98.88,41616185
1/2/2024 16:00:00,98.23,98.65,98,98.31,47797425
1/3/2024 16:00:00,97.38,98.85,97.15,98.72,58159496
1/4/2024 16:00:00,97.42,97.64,97.07,97.22,52604511
1/5/2024 16:00:00,96.5,97.68,96.21,96.29,45894801
1/8/2024 16:00:00,96.23,97.38,96.09,97.24,39485848
1/9/2024 16:00:00,96.64,97.17,96.59,96.62,34373950
1/10/2024 16:00:00,96.92,97.05,96.12,96.17,48227798
1/11/2024 16:00:00,96.17,96.83,95.71,96.71,78858911
1/12/2024 16:00:00,96.78,97.27,96.27,96.52,38883928
1/16/2024 16:00:00,95.62,95.79,94.51,94.82,61716698
1/17/2024 16:00:00,94.6,95,94.16,94.67,55506807
1/18/2024 16:00:00,94.46,94.58,93.51,93.79,77339062
1/19/2024 16:00:00,93.71,94.17,93.26,94.09,47030912
1/22/2024 16:00:00,94.82,95.08,94.39,94.65,35756416
1/23/2024 16:00:00,93.89,93.99,93.43,93.9,35786747
1/24/2024 16:00:00,94.51,94.54,93.1,93.35,54574914
1/25/2024 16:00:00,94,94.22,93.57,93.96,57019409
1/26/2024 16:00:00,93.93,94.07,93.49,93.78,29276865
1/29/2024 16:00:00,94.31,95.17,94.12,94.86,38243550
1/30/2024 16:00:00,95.48,95.84,94.74,95.72,40151415
1/31/2024 16:00:00,96.22,96.91,96,96.66,80646722
2/1/2024 16:00:00,97.42,98.67,97.19,98.24,84291219
2/2/2024 16:00:00,96.27,96.62,95.69,96.07,63823250
2/5/2024 16:00:00,94.63,94.85,94.02,94.13,53827357
2/6/2024 16:00:00,94.24,95.15,94.21,95.05,33411473
2/7/2024 16:00:00,94.57,95.23,94.52,94.59,40120215
2/8/2024 16:00:00,94.02,94.3,93.66,94.04,50087687
2/9/2024 16:00:00,93.76,94.01,93.66,93.85,27951308
2/12/2024 16:00:00,93.9,94.14,93.5,93.96,27890272
2/13/2024 16:00:00,92.86,93.06,92.33,92.35,49768460
2/14/2024 16:00:00,92.3,93.05,92.23,92.82,44191551
2/15/2024 16:00:00,93.56,93.72,93,93.3,49598494
2/16/2024 16:00:00,92.48,92.85,92.34,92.76,33116772
2/20/2024 16:00:00,92.79,93.19,92.72,92.84,24469329
2/21/2024 16:00:00,92.83,92.9,92.01,92.18,36404244
2/22/2024 16:00:00,92.33,92.76,92.27,92.63,45190659
2/23/2024 16:00:00,92.75,94,92.75,93.87,38406710
2/26/2024 16:00:00,94,94.03,93.19,93.59,27855044
2/27/2024 16:00:00,93.24,93.47,92.85,92.93,30241953
2/28/2024 16:00:00,93.08,93.6,92.9,93.52,34574178
2/29/2024 16:00:00,93.82,94.3,93.78,94.18,51038614
3/1/2024 16:00:00,93.44,94.51,93.01,94.47,45832788
3/4/2024 16:00:00,93.7,94.16,93.68,94.09,23864210
3/5/2024 16:00:00,95.23,95.68,94.97,95.43,37721853
3/6/2024 16:00:00,95.49,96.17,95.41,95.99,40571580
3/7/2024 16:00:00,96.36,96.4,95.48,95.9,39075047
3/8/2024 16:00:00,95.8,96.05,95.48,95.73,25023234
3/11/2024 16:00:00,95.96,96.01,95.37,95.68,17787915
3/12/2024 16:00:00,95.04,95.21,94.69,94.88,29566000
3/13/2024 16:00:00,94.5,94.74,94.21,94.42,38270057
3/14/2024 16:00:00,93.73,93.75,92.86,92.97,58365563
3/15/2024 16:00:00,93.06,93.19,92.79,92.94,34997707
3/18/2024 16:00:00,92.73,92.99,92.5,92.66,29519539
3/19/2024 16:00:00,92.85,93.27,92.69,92.92,26953132
3/20/2024 16:00:00,93.1,93.79,92.29,92.89,43460080
3/21/2024 16:00:00,93.27,93.43,92.73,93.09,34276643
3/22/2024 16:00:00,94.19,94.21,93.78,93.98,30262284
3/25/2024 16:00:00,93.71,93.75,93.3,93.51,24011759
3/26/2024 16:00:00,93.51,93.87,93.28,93.77,34422997
3/27/2024 16:00:00,93.99,94.7,93.94,94.7,50157816
3/28/2024 16:00:00,94.49,95.02,94.32,94.62,34540428
4/1/2024 16:00:00,93.29,93.3,92.46,92.55,48945448
4/2/2024 16:00:00,91.57,92.2,91.34,92.04,43086304
4/3/2024 16:00:00,91.26,92.05,91.05,92.02,45494441
4/4/2024 16:00:00,92.63,92.76,92.04,92.68,47957413
4/5/2024 16:00:00,91.69,92.18,91.38,91.39,42495899
4/8/2024 16:00:00,91.23,91.59,91.13,91.38,37879796
4/9/2024 16:00:00,91.87,92.36,91.84,92.23,32537023
4/10/2024 16:00:00,91.2,91.3,90.05,90.22,74368942
4/11/2024 16:00:00,90.38,90.44,89.51,89.81,65751184
4/12/2024 16:00:00,90.64,90.95,90.28,90.29,47900106
4/15/2024 16:00:00,89.22,89.26,88.52,88.89,55993060
4/16/2024 16:00:00,88.05,88.58,87.79,88.3,45103244
4/17/2024 16:00:00,88.87,89.38,88.46,89.28,57946990
4/18/2024 16:00:00,89.24,89.27,88.59,88.83,43839454
4/19/2024 16:00:00,89.39,89.39,88.91,89.15,44826771
4/22/2024 16:00:00,88.68,89.12,88.65,89,24969046
4/23/2024 16:00:00,88.73,89.54,88.55,89.03,27222722
4/24/2024 16:00:00,88.56,88.63,87.5,88.4,48986757
4/25/2024 16:00:00,87.46,87.9,87.34,87.78,49282640
4/26/2024 16:00:00,88.25,88.61,88.05,88.24,31589821
4/29/2024 16:00:00,88.66,89.02,88.48,88.98,39228621
4/30/2024 16:00:00,88.42,88.73,88.1,88.22,41054666
5/1/2024 16:00:00,88.6,89.21,88.24,88.56,59679513
5/2/2024 16:00:00,88.21,89.01,88.03,88.94,58925388
5/3/2024 16:00:00,89.93,90.12,89.27,89.84,50066075
5/6/2024 16:00:00,89.87,90.25,89.67,90.19,23868185
5/7/2024 16:00:00,90.9,91.24,90.61,90.74,30525831
5/8/2024 16:00:00,90.31,90.46,90.16,90.19,31171659
5/9/2024 16:00:00,89.87,90.77,89.82,90.63,39606723
5/10/2024 16:00:00,90.28,90.38,89.96,90.12,21913759
5/13/2024 16:00:00,90.55,90.61,90.31,90.35,23157495
5/14/2024 16:00:00,90.65,90.92,90.42,90.86,25746391
5/15/2024 16:00:00,91.87,92.26,91.63,92.1,65142886
5/16/2024 16:00:00,92.39,92.42,91.94,92.01,37902425
5/17/2024 16:00:00,91.64,91.8,91.34,91.39,24755012
5/20/2024 16:00:00,91.08,91.32,91.01,91.12,17922808
5/21/2024 16:00:00,91.73,91.77,91.43,91.59,15334425
5/22/2024 16:00:00,91.27,91.78,91.26,91.7,38073722
5/23/2024 16:00:00,91.8,91.8,90.82,91.11,51294662
5/24/2024 16:00:00,90.97,91.47,90.9,91.38,19164425
5/28/2024 16:00:00,91.33,91.36,90.03,90.07,45973742
5/29/2024 16:00:00,89.34,89.4,88.68,88.98,45508378
5/30/2024 16:00:00,89.6,89.97,89.44,89.84,29571653
5/31/2024 16:00:00,90.48,90.66,90.25,90.45,41308832
6/3/2024 16:00:00,90.64,91.67,90.61,91.6,42272093
6/4/2024 16:00:00,92.2,92.8,91.99,92.67,42581462
6/5/2024 16:00:00,93,93.35,92.39,93.35,43153858
6/6/2024 16:00:00,92.92,93.43,92.86,93.21,22891863
6/7/2024 16:00:00,91.83,91.83,91.4,91.5,35240475
6/10/2024 16:00:00,91,91.06,90.65,90.89,20593244
6/11/2024 16:00:00,91.03,91.87,90.92,91.83,30329207
6/12/2024 16:00:00,93.02,93.57,92.49,92.52,42554583
6/13/2024 16:00:00,93.22,93.99,92.95,93.88,33093758
6/14/2024 16:00:00,94.42,94.84,94.24,94.67,28776710
6/17/2024 16:00:00,93.52,93.81,93.28,93.73,31040202
6/18/2024 16:00:00,93.89,94.6,93.73,94.59,26881038
6/20/2024 16:00:00,93.41,94,93.34,93.96,30246274
6/21/2024 16:00:00,94.24,94.48,93.59,93.96,22830882
6/24/2024 16:00:00,94.05,94.34,93.74,94.34,56939096
6/25/2024 16:00:00,94.07,94.55,94.04,94.5,23160000
6/26/2024 16:00:00,93.28,93.47,93.11,93.15,38489135
6/27/2024 16:00:00,93.52,93.71,93.42,93.52,23140767
6/28/2024 16:00:00,93.73,93.77,91.78,91.78,55119554
7/1/2024 16:00:00,90.42,91.08,89.82,89.91,49735376
7/2/2024 16:00:00,90.68,90.81,90.08,90.61,34204719
7/3/2024 13:05:00,91.17,91.89,91.09,91.8,35563313
7/5/2024 16:00:00,92.27,92.73,91.9,92.56,34895512
7/8/2024 16:00:00,92.54,92.85,92.22,92.76,16095651
7/9/2024 16:00:00,92.47,92.68,91.87,92.35,30304136
7/10/2024 16:00:00,92.45,92.68,92.26,92.64,23572469
7/11/2024 16:00:00,93.68,94.14,93.47,93.54,49761785
7/12/2024 16:00:00,93.53,93.94,93.34,93.94,27796476
7/15/2024 16:00:00,93,93.3,92.78,92.86,37918854
7/16/2024 16:00:00,93.53,94.21,93.39,94.17,36383720
7/17/2024 16:00:00,93.92,94.4,93.69,94.19,29036838
7/18/2024 16:00:00,93.68,94.14,93.38,93.47,34553075
7/19/2024 16:00:00,93.04,93.16,92.82,92.92,32164669
7/22/2024 16:00:00,93.4,93.52,92.3,92.65,36160366
7/23/2024 16:00:00,92.81,93.03,92.49,92.52,23497988
7/24/2024 16:00:00,92.59,92.85,91.47,91.52,50757116
7/25/2024 16:00:00,92.03,92.86,91.96,92.27,44999074
7/26/2024 16:00:00,92.95,93.15,92.71,92.99,34423772
7/29/2024 16:00:00,93.67,93.69,93.22,93.49,25801347
7/30/2024 16:00:00,93.75,94.05,93.3,93.85,28169820
7/31/2024 16:00:00,94.53,94.84,94.24,94.81,47445288
8/1/2024 16:00:00,95.14,95.91,95.12,95.31,77254240
8/2/2024 16:00:00,97,98.37,96.89,98.28,91912942
8/5/2024 16:00:00,99.69,99.94,97.9,98.8,90686310
8/6/2024 16:00:00,98.15,98.41,96.59,96.59,61316860
8/7/2024 16:00:00,95.95,96.45,95.5,95.91,51337133
8/8/2024 16:00:00,95.12,95.4,94.84,95.32,37815770
8/9/2024 16:00:00,96.51,96.54,96.09,96.26,32141763
8/12/2024 16:00:00,96.03,96.82,95.88,96.61,24261382
8/13/2024 16:00:00,97.3,97.36,96.98,97.28,30366938
8/14/2024 16:00:00,97.55,98.16,97.51,97.89,31334061
8/15/2024 16:00:00,96.41,97.1,96.21,97.1,38723695
8/16/2024 16:00:00,97.44,97.54,97.01,97.44,28540965
8/19/2024 16:00:00,97.42,98.16,97.41,97.89,25322138
8/20/2024 16:00:00,98.32,98.86,98.12,98.67,25239303
8/21/2024 16:00:00,98.67,99.2,98.21,98.73,29229982
8/22/2024 16:00:00,98.23,98.3,97.43,97.75,33453848
8/23/2024 16:00:00,98.19,98.67,97.96,98.39,32005083
8/26/2024 16:00:00,98.69,98.7,98.08,98.14,23198710
8/27/2024 16:00:00,97.49,98.08,97.41,97.97,21507650
8/28/2024 16:00:00,98.01,98.2,97.73,97.85,18501411
8/29/2024 16:00:00,97.37,97.64,97.13,97.53,24988243
8/30/2024 16:00:00,97.68,97.99,96.47,96.49,42896190
9/3/2024 16:00:00,97.56,98.06,97.42,97.75,48947900
9/4/2024 16:00:00,97.88,99.03,97.81,99.01,40885163
9/5/2024 16:00:00,99.34,99.68,98.78,99.57,47450878
9/6/2024 16:00:00,99.55,100.78,99.19,99.56,57406404
9/9/2024 16:00:00,99.4,100.1,99.16,99.99,26961402
9/10/2024 16:00:00,99.87,100.91,99.82,100.69,31703409
9/11/2024 16:00:00,100.49,101.24,100.35,100.61,39497052
9/12/2024 16:00:00,100.36,100.55,99.69,100.14,41812529
9/13/2024 16:00:00,100.46,100.61,100.02,100.41,25722135
9/16/2024 16:00:00,100.63,101.37,100.41,101.33,30866261
9/17/2024 16:00:00,101.47,101.64,100.74,100.84,31699372
9/18/2024 16:00:00,100.24,100.73,99.54,99.59,48897047
9/19/2024 16:00:00,98.92,99.31,98.77,99.26,39979816
9/20/2024 16:00:00,98.99,99.25,98.72,98.88,37067571
9/23/2024 16:00:00,98.5,99.09,98.02,98.67,35703932
9/24/2024 16:00:00,98,98.89,97.85,98.65,31005351
9/25/2024 16:00:00,98.26,98.32,97.79,97.83,36738236
9/26/2024 16:00:00,98.07,98.25,97.42,98.06,33332315
9/27/2024 16:00:00,98.54,98.76,98.21,98.57,28317628
9/30/2024 16:00:00,98.64,98.71,97.88,98.1,34208260
10/1/2024 16:00:00,98.8,99.33,98.39,98.49,45254237
10/2/2024 16:00:00,97.36,97.73,97.06,97.66,35810763
10/3/2024 16:00:00,97.34,97.51,96.74,96.74,39677767
10/4/2024 16:00:00,95.44,95.96,95.4,95.55,56970281
10/7/2024 16:00:00,94.98,95.27,94.76,94.83,42606634
10/8/2024 16:00:00,94.39,95.03,94.34,94.99,33709587
10/9/2024 16:00:00,94.67,94.91,94.23,94.45,35807681
10/10/2024 16:00:00,93.88,94.09,93.41,94.08,53667357
10/11/2024 16:00:00,93.48,94.07,93.42,93.7,27406423
10/14/2024 16:00:00,93.04,93.78,92.98,93.77,28795344
10/15/2024 16:00:00,94.46,95,94.37,94.91,46429050
10/16/2024 16:00:00,95.39,95.62,95.14,95.31,32281486
10/17/2024 16:00:00,94.29,94.44,93.67,93.8,43427214
10/18/2024 16:00:00,94.05,94.28,93.86,93.87,25258632
10/21/2024 16:00:00,93.02,93.09,92.23,92.23,49504698
10/22/2024 16:00:00,92.65,92.76,92.09,92.32,32096893
10/23/2024 16:00:00,91.84,92.37,91.66,92.07,33354245
10/24/2024 16:00:00,92.23,93,91.96,92.66,32507395
10/25/2024 16:00:00,92.99,93.04,92.02,92.14,28667060
10/28/2024 16:00:00,92.27,92.29,91.42,91.89,33156461
10/29/2024 16:00:00,91.17,92.06,90.98,92.03,46545204
10/30/2024 16:00:00,92.84,93.29,92.16,92.3,41951068
10/31/2024 16:00:00,92.2,92.94,91.87,92.45,52173754
11/1/2024 16:00:00,92.26,92.52,90.8,90.84,80401983
11/4/2024 16:00:00,92.28,92.57,91.63,92.25,49747594
11/5/2024 16:00:00,92.03,92.9,91.6,92.74,46986037
11/6/2024 16:00:00,89.64,90.72,89.55,90.2,98895693
11/7/2024 16:00:00,90.75,91.62,90.65,91.33,56221411
11/8/2024 16:00:00,92,92.6,91.84,92.49,56756175
11/11/2024 16:00:00,92.25,92.3,91.62,92.04,22369200
11/12/2024 16:00:00,91.37,91.85,90.51,90.66,57908367
11/13/2024 16:00:00,91.52,91.54,89.72,89.8,49009127
11/14/2024 16:00:00,90.56,91.03,90.27,90.32,53328347
11/15/2024 16:00:00,89.92,90.65,89.51,90.08,73722402
11/18/2024 16:00:00,89.66,90.59,89.42,90.24,36058665
11/19/2024 16:00:00,90.82,91.07,90.62,90.7,29585102
11/20/2024 16:00:00,90.15,90.83,90.11,90.41,27755434
11/21/2024 16:00:00,90.45,90.85,90,90.34,28365740
11/22/2024 16:00:00,90.51,90.7,90.15,90.39,21547548
11/25/2024 16:00:00,92.2,92.78,91.99,92.73,56858036
11/26/2024 16:00:00,92.16,92.44,91.81,92.37,31122249
11/27/2024 16:00:00,93.04,93.38,92.67,93.01,39442167
11/29/2024 13:05:00,93.78,93.99,93.44,93.97,31905735
12/2/2024 16:00:00,93.27,94.15,93,93.87,39406033
12/3/2024 16:00:00,93.93,94.03,92.99,93.06,32768887
12/4/2024 16:00:00,92.61,94.19,92.54,94.06,35851069
12/5/2024 16:00:00,93.72,94.39,93.66,94.25,23695821
12/6/2024 16:00:00,94.72,94.85,94.02,94.39,31761525
12/9/2024 16:00:00,93.99,94.04,93.47,93.52,30509582
12/10/2024 16:00:00,93.02,93.3,92.91,93.08,28706474
12/11/2024 16:00:00,93.07,93.29,92.11,92.2,38748397
12/12/2024 16:00:00,91.64,91.75,91,91.08,45368386
12/13/2024 16:00:00,90.8,90.85,90.08,90.15,39485960
12/16/2024 16:00:00,90.55,90.62,90.05,90.42,23482268
12/17/2024 16:00:00,90.52,90.99,90.46,90.64,23839892
12/18/2024 16:00:00,89.97,90.37,89.14,89.16,61328421
12/19/2024 16:00:00,88.07,88.39,87.51,87.81,99083313
12/20/2024 16:00:00,88.53,88.91,88.29,88.31,45542412
12/23/2024 16:00:00,88.16,88.23,87.44,87.5,32764561
12/24/2024 13:05:00,87.04,87.89,86.98,87.87,22377628
12/26/2024 16:00:00,87.21,87.96,87.2,87.82,19996215
12/27/2024 16:00:00,87.48,87.78,87.06,87.1,27262321
12/30/2024 16:00:00,87.83,88.04,87.67,87.8,48519626
12/31/2024 16:00:00,88.13,88.28,87.26,87.33,31917307
1/2/2025 16:00:00,87.8,88.12,87.21,87.57,27841296
1/3/2025 16:00:00,87.72,87.88,87.18,87.29,21962204
1/6/2025 16:00:00,87.05,87.23,86.67,86.9,30231493
1/7/2025 16:00:00,86.6,86.77,85.79,85.92,41757185
1/8/2025 16:00:00,85.47,86.2,85.34,86.03,44590774
1/10/2025 16:00:00,85.28,85.85,85.16,85.46,47115832
1/13/2025 16:00:00,85.53,85.66,85.04,85.43,33258924
1/14/2025 16:00:00,85.23,85.36,84.89,85.29,33412888
1/15/2025 16:00:00,86.7,86.98,86.4,86.76,54120729
1/16/2025 16:00:00,86.64,87.4,86.28,87.04,34651051
1/17/2025 16:00:00,87.43,87.48,87.04,87.19,29875611
1/21/2025 16:00:00,87.89,88.17,87.63,87.97,30548614
1/22/2025 16:00:00,87.87,87.98,87.32,87.51,25278409
1/23/2025 16:00:00,86.64,86.99,86.53,86.83,31949017
1/24/2025 16:00:00,86.72,87.28,86.6,87.22,21110355
1/27/2025 16:00:00,88.16,88.43,87.85,88.25,42864203
1/28/2025 16:00:00,87.84,88.2,87.66,88.19,25519105
1/29/2025 16:00:00,88.43,88.62,87.63,88.01,25342751
1/30/2025 16:00:00,88.41,88.71,88.17,88.34,25094896
1/31/2025 16:00:00,88.38,88.66,87.43,87.76,48812469
2/3/2025 16:00:00,88.58,89.1,87.8,88.16,70657233
2/4/2025 16:00:00,87.55,88.45,87.48,88.43,33413956
2/5/2025 16:00:00,89.45,90.18,89.39,89.89,48331179
2/6/2025 16:00:00,89.86,90.15,89.55,89.85,22509940
2/7/2025 16:00:00,89.24,89.45,88.94,89.27,31171245
2/10/2025 16:00:00,89.26,89.53,88.85,89,22736056
2/11/2025 16:00:00,88.53,88.68,88.38,88.43,21513015
2/12/2025 16:00:00,87.29,87.6,86.86,87.23,48536211
2/13/2025 16:00:00,88.09,88.89,88.07,88.68,42718098
2/14/2025 16:00:00,89.38,89.68,89.12,89.15,27460743
2/18/2025 16:00:00,88.54,88.84,88.04,88.1,29429174
2/19/2025 16:00:00,87.95,88.45,87.89,88.21,20584304
2/20/2025 16:00:00,88.45,88.76,88.45,88.54,27913442
2/21/2025 16:00:00,88.87,89.93,88.82,89.61,46912348
2/24/2025 16:00:00,89.33,90.06,89.26,89.87,26217988
2/25/2025 16:00:00,90.97,91.5,90.8,91.42,50125054
2/26/2025 16:00:00,91.42,92.06,91.2,91.96,32220186
2/27/2025 16:00:00,91.31,91.79,91.14,91.31,53373572
2/28/2025 16:00:00,91.85,92.48,91.47,92.43,49388600
3/3/2025 16:00:00,91.41,92.71,91.37,92.57,42904172
3/4/2025 16:00:00,92.44,92.79,91.27,91.43,56721962
3/5/2025 16:00:00,91.56,91.8,90.61,90.7,50215938
3/6/2025 16:00:00,90.48,90.8,89.73,90.4,42827474
3/7/2025 16:00:00,91.14,91.16,89.99,90.11,36903632
3/10/2025 16:00:00,91.08,91.63,90.91,91.05,41440750
3/11/2025 16:00:00,90.97,91.49,90.14,90.4,40555666
3/12/2025 16:00:00,90,90.38,89.78,89.86,32734569
3/13/2025 16:00:00,89.58,90.71,89.38,90.65,38675413
3/14/2025 16:00:00,90.01,90.41,89.86,90.17,24657989
3/17/2025 16:00:00,90.8,91.18,90.38,90.62,26700275
3/18/2025 16:00:00,90.14,91.02,90.12,90.71,23654748
3/19/2025 16:00:00,90.68,91.22,90.38,91.18,31378713
3/20/2025 16:00:00,92.2,92.24,91.16,91.24,35645824
3/21/2025 16:00:00,91.33,91.44,90.62,90.7,29192076
3/24/2025 16:00:00,90.2,90.26,89.7,89.77,27985580
3/25/2025 16:00:00,89.57,90.08,89.51,89.76,22333833
3/26/2025 16:00:00,89.39,89.6,89.09,89.17,25165323
3/27/2025 16:00:00,88.85,89.03,88.63,88.91,23674536
3/28/2025 16:00:00,89.88,90.34,89.81,90.14,39869372
3/31/2025 16:00:00,91.23,91.34,90.36,91.03,38824321
4/1/2025 16:00:00,91.25,91.91,91.21,91.49,39800072
4/2/2025 16:00:00,92.37,92.37,90.66,91.43,43488407
4/3/2025 16:00:00,92.52,92.73,91.84,91.85,57467355
4/4/2025 16:00:00,93.65,94.09,92.82,92.85,92794210
4/7/2025 16:00:00,91.88,92.19,89.8,90.05,124987637
4/8/2025 16:00:00,89.28,90.2,88.22,88.35,73861858
4/9/2025 16:00:00,87.27,88.91,85.89,88.87,131353453
4/10/2025 16:00:00,87.74,88.18,86.35,86.42,78591989
4/11/2025 16:00:00,85.87,87.3,85,86.89,94814139
4/14/2025 16:00:00,87.4,87.71,86.82,87.51,37596366
4/15/2025 16:00:00,87.15,88.19,87.04,87.82,22553898
4/16/2025 16:00:00,87.8,88.5,87.47,88.31,35607337
4/17/2025 16:00:00,88.04,88.2,87.23,87.53,31758430
4/21/2025 16:00:00,86.6,87.07,85.98,86,39343217
4/22/2025 16:00:00,86.82,87.02,86.4,86.48,32552091
4/23/2025 16:00:00,88.88,89.06,87.17,87.32,44082157
4/24/2025 16:00:00,88.03,88.35,87.76,88.24,24190774
4/25/2025 16:00:00,88.9,89.11,88.6,88.89,22513925
4/28/2025 16:00:00,88.66,89.53,88.61,89.45,20130510
4/29/2025 16:00:00,89.32,90.21,89.3,90.2,22129478
4/30/2025 16:00:00,89.78,90.05,89.33,89.47,42630588
5/1/2025 16:00:00,89.26,89.28,88.3,88.69,29932841
5/2/2025 16:00:00,87.71,88.07,87.54,87.73,32090382
5/5/2025 16:00:00,87.35,87.41,86.83,87.24,22862807
5/6/2025 16:00:00,86.8,87.53,86.64,87.53,21095153
5/7/2025 16:00:00,87.92,88.21,87.82,87.9,23178423
5/8/2025 16:00:00,88.02,88.06,86.89,86.92,25483679
5/9/2025 16:00:00,87,87.31,86.92,87.05,17007874
5/12/2025 16:00:00,86.38,86.78,86.19,86.24,32115028
5/13/2025 16:00:00,86.13,86.29,85.5,85.89,53912161
5/14/2025 16:00:00,85.75,85.87,85.2,85.32,42119809
5/15/2025 16:00:00,85.63,86.32,85.48,86.07,59447991
5/16/2025 16:00:00,86.87,86.89,86.2,86.3,31778178
5/19/2025 16:00:00,84.91,86.12,84.83,86.05,49361877
5/20/2025 16:00:00,85.43,85.6,85.06,85.43,35493074
5/21/2025 16:00:00,84.68,85.06,83.76,83.97,77053056
5/22/2025 16:00:00,84.68,85.06,83.76,83.97,7489697
5/23/2025 16:00:00,84.77,84.82,84.31,84.55,47139246
5/27/2025 16:00:00,85.35,86.03,85.15,85.73,56773411
5/28/2025 16:00:00,85.41,85.54,84.97,85.36,34806779
5/29/2025 16:00:00,85.77,86.26,85.64,86.15,39003618
5/30/2025 16:00:00,86.09,86.47,85.88,86.28,49042064
6/2/2025 16:00:00,85.29,85.47,84.79,85.16,46213110
6/3/2025 16:00:00,85.44,85.74,84.89,85.01,33731261
6/4/2025 16:00:00,85.79,86.65,85.65,86.39,57441529
6/5/2025 16:00:00,86.68,86.93,86.22,86.45,37715267
6/6/2025 16:00:00,85.79,85.93,85.28,85.35,38130095
6/9/2025 16:00:00,85.04,85.64,85.04,85.44,26560750
6/10/2025 16:00:00,86.1,86.18,85.52,85.88,24857001
6/11/2025 16:00:00,85.81,86.4,85.71,86.14,36334820
6/12/2025 16:00:00,86.89,87.2,86.6,87.17,43017814
6/13/2025 16:00:00,86.73,86.88,85.78,86.33,49373982
6/16/2025 16:00:00,86.08,86.43,85.46,85.46,36496625
6/17/2025 16:00:00,86,86.66,85.75,86.5,34521571
6/18/2025 16:00:00,86.88,87.09,86.35,86.65,38588982
6/20/2025 16:00:00,86.14,86.79,85.95,86.49,26001907
6/23/2025 16:00:00,86.93,87.44,86.77,86.77,36851824
6/24/2025 16:00:00,86.47,87.59,86.43,87.4,32959113
6/25/2025 16:00:00,87.11,87.51,86.8,87.51,26345293
6/26/2025 16:00:00,87.59,87.95,87.2,87.95,30467517
6/27/2025 16:00:00,87.57,88.16,87.24,87.39,74993500
6/30/2025 16:00:00,87.86,88.44,87.61,88.25,53695166
7/1/2025 16:00:00,88.13,88.31,87.66,88.14,38960579
7/2/2025 16:00:00,87.19,87.59,87.1,87.58,39382249
7/3/2025 13:05:00,87.17,87.29,86.85,86.97,26729101
7/7/2025 16:00:00,86.54,86.56,85.92,86.14,38314669
7/8/2025 16:00:00,85.57,86.04,85.44,86.03,31406989
7/9/2025 16:00:00,86.19,86.93,86.18,86.93,29821887
7/10/2025 16:00:00,86.83,87.06,86.49,86.99,24525548
7/11/2025 16:00:00,86.23,86.27,85.64,85.79,40764785
7/14/2025 16:00:00,85.54,85.88,85.32,85.61,24609530
7/15/2025 16:00:00,85.89,85.91,84.9,85.01,40454986
7/16/2025 16:00:00,85.28,85.66,84.19,85.13,65987689
7/17/2025 16:00:00,85.22,85.49,84.99,85.11,31875451
7/18/2025 16:00:00,85.43,85.46,85.1,85.24,27534948
7/21/2025 16:00:00,86.22,86.51,85.96,86,40019530
7/22/2025 16:00:00,86.17,86.77,86.11,86.52,35190321
7/23/2025 16:00:00,86.05,86.2,85.79,86.04,31008454
7/24/2025 16:00:00,85.55,86.24,85.51,85.89,25164761
7/25/2025 16:00:00,85.8,86.44,85.72,86.43,27196153
7/28/2025 16:00:00,85.99,86.2,85.83,85.87,26812463
7/29/2025 16:00:00,86.23,87.34,86.2,87.32,47828275
7/30/2025 16:00:00,86.77,86.96,86.56,86.87,40670866
7/31/2025 16:00:00,87.13,87.41,86.84,86.92,49814080
8/1/2025 16:00:00,87.56,87.93,87.52,87.82,63434525
8/4/2025 16:00:00,87.96,88.15,87.65,88.06,36425167
8/5/2025 16:00:00,87.85,88.45,87.78,88.33,28586109
8/6/2025 16:00:00,87.84,88.05,86.92,87.82,42589347
8/7/2025 16:00:00,87.92,88.25,87.59,87.67,29213145
8/8/2025 16:00:00,87.36,87.39,87.15,87.29,21596334
8/11/2025 16:00:00,87.54,87.67,87.28,87.39,20100909
8/12/2025 16:00:00,86.9,86.97,86.55,86.95,41087211
8/13/2025 16:00:00,87.44,87.81,87.43,87.67,30817493
8/14/2025 16:00:00,87.51,87.51,86.89,87.02,33397435
8/15/2025 16:00:00,86.66,86.78,86.25,86.4,36343551
8/18/2025 16:00:00,86.5,86.54,85.99,86.15,26777514
8/19/2025 16:00:00,86.45,86.75,86.45,86.65,28780625
8/20/2025 16:00:00,86.59,86.97,86.56,86.84,25912477
8/21/2025 16:00:00,86.56,86.68,86.11,86.41,28643888
8/22/2025 16:00:00,86.83,87.3,86.72,87.05,49871851
8/25/2025 16:00:00,86.73,87.05,86.65,86.8,27011924
8/26/2025 16:00:00,86.51,86.79,86.22,86.75,30259346
8/27/2025 16:00:00,86.11,86.66,86,86.65,38142761
8/28/2025 16:00:00,86.78,87.26,86.66,87.22,32205937
8/29/2025 16:00:00,86.76,86.86,86.44,86.6,41686429
9/2/2025 16:00:00,85.63,85.84,85.48,85.63,48760602
9/3/2025 16:00:00,85.93,86.81,85.89,86.57,52499540
9/4/2025 16:00:00,87.02,87.24,86.58,87.23,40501553
9/5/2025 16:00:00,88.22,88.61,88.14,88.56,69667951
9/8/2025 16:00:00,89.17,89.76,89.12,89.74,54538678
9/9/2025 16:00:00,89.4,89.55,88.99,89.23,37126428
9/10/2025 16:00:00,89.4,90.07,89.19,89.74,40713570
9/11/2025 16:00:00,89.91,90.48,89.9,90.34,46694392
9/12/2025 16:00:00,89.83,89.98,89.49,89.95,32968578
9/15/2025 16:00:00,90.15,90.46,90.07,90.16,24820119
9/16/2025 16:00:00,90.09,90.5,90.04,90.35,26794226
9/17/2025 16:00:00,90.71,91.04,89.87,90.12,49121751
9/18/2025 16:00:00,89.26,89.47,88.9,89.19,55717920
9/19/2025 16:00:00,89.07,89.23,88.79,89.02,32509221
9/22/2025 16:00:00,88.82,88.91,88.54,88.7,24758223
9/23/2025 16:00:00,88.97,89.36,88.75,89.32,26689041
9/24/2025 16:00:00,89.08,89.16,88.7,88.98,28097977
9/25/2025 16:00:00,88.85,89.03,88.46,88.98,29882469
9/26/2025 16:00:00,88.99,89.47,88.69,88.9,30955062
9/29/2025 16:00:00,89.29,89.74,89.26,89.63,32286167
9/30/2025 16:00:00,89.66,90.04,89.21,89.37,38583989
10/1/2025 16:00:00,89.45,89.64,89.09,89.29,39408913
10/2/2025 16:00:00,89.31,89.69,89.19,89.55,23208338
10/3/2025 16:00:00,89.63,89.72,89.27,89.38,25884474
10/6/2025 16:00:00,88.71,89.16,88.65,88.67,28370984
10/7/2025 16:00:00,88.97,89.38,88.81,89.18,29103348
10/8/2025 16:00:00,89.6,89.62,89.13,89.25,22506241
10/9/2025 16:00:00,89.17,89.29,89.01,89.18,21578690
10/10/2025 16:00:00,89.98,90.72,89.9,90.62,59389374
10/13/2025 16:00:00,90.28,90.58,89.86,90.57,28035544
10/14/2025 16:00:00,90.65,90.92,90.43,90.86,29800001
10/15/2025 16:00:00,90.96,91.3,90.47,90.66,31333909
10/16/2025 16:00:00,90.52,91.5,90.45,91.34,39631153
10/17/2025 16:00:00,91.25,91.29,90.9,91.2,40240383
10/20/2025 16:00:00,91.46,91.56,91.28,91.55,28429283
10/21/2025 16:00:00,91.99,92.19,91.91,92,24514336
10/22/2025 16:00:00,91.99,92.18,91.82,92.06,30496152
10/23/2025 16:00:00,91.61,91.79,91.29,91.43,28275142
10/24/2025 16:00:00,91.59,91.6,91.16,91.47,28265993
10/27/2025 16:00:00,91.32,91.79,91.09,91.78,30033574
10/28/2025 16:00:00,91.85,92.18,91.81,92.02,23564517
10/29/2025 16:00:00,91.88,91.89,91.02,91.09,39551593
10/30/2025 16:00:00,90.39,90.97,90.35,90.56,42649215
10/31/2025 16:00:00,90.56,90.66,90.2,90.29,38247268
11/3/2025 16:00:00,89.62,89.82,89.42,89.74,40752284
11/4/2025 16:00:00,89.78,90.06,89.74,89.94,26383782
11/5/2025 16:00:00,89.51,89.55,88.88,88.96,44643440
11/6/2025 16:00:00,89.56,89.85,89.53,89.76,33027353
11/7/2025 16:00:00,89.36,89.87,89.36,89.57,28530051
11/10/2025 16:00:00,89.49,89.67,89.39,89.55,24093451
11/11/2025 16:00:00,89.95,90.07,89.78,89.96,18942295
11/12/2025 16:00:00,89.95,90.32,89.88,90.12,23594938
11/13/2025 16:00:00,89.8,89.94,89.38,89.38,33825908
11/14/2025 16:00:00,89.79,89.84,88.87,88.87,38550502
11/17/2025 16:00:00,89.08,89.3,88.98,89.09,25605782
11/18/2025 16:00:00,89.35,89.45,88.8,89.06,31967435
11/19/2025 16:00:00,89.23,89.31,88.85,88.88,25782384
11/20/2025 16:00:00,88.99,89.42,88.99,89.23,32945001
11/21/2025 16:00:00,89.65,89.67,89.2,89.5,41938628
11/24/2025 16:00:00,89.95,90.07,89.78,90.01,30865695
11/25/2025 16:00:00,90.31,90.59,90.13,90.24,36503342
11/26/2025 16:00:00,90.15,90.64,89.83,90.64,34098962
11/28/2025 13:05:00,90.46,90.53,89.95,90.21,40704287
12/1/2025 16:00:00,88.85,88.99,88.71,88.77,47086647
12/2/2025 16:00:00,88.58,88.96,88.46,88.81,27605681
12/3/2025 16:00:00,88.92,89.16,88.74,89.06,23278580
12/4/2025 16:00:00,88.91,88.93,88.48,88.58,25541459
12/5/2025 16:00:00,88.55,88.55,88.05,88.17,32808068
12/8/2025 16:00:00,88.19,88.2,87.56,87.88,32255204
12/9/2025 16:00:00,88.34,88.35,87.84,87.97,25771792
12/10/2025 16:00:00,88,88.52,87.86,88.31,46833512
12/11/2025 16:00:00,88.69,88.83,88.16,88.19,26778686
12/12/2025 16:00:00,87.38,87.5,87.19,87.34,47030122
12/15/2025 16:00:00,87.72,87.88,87.39,87.4,28611787
12/16/2025 16:00:00,87.19,87.92,87.17,87.88,41018681
12/17/2025 16:00:00,87.63,87.99,87.58,87.8,24668305
12/18/2025 16:00:00,88.13,88.38,88.07,88.22,39048891
12/19/2025 16:00:00,87.61,87.76,87.41,87.55,37858082
12/22/2025 16:00:00,87.42,87.46,87.25,87.36,25547134
12/23/2025 16:00:00,87.07,87.58,87.03,87.5,33624059
12/24/2025 13:05:00,87.76,88.08,87.65,88.03,25942006
12/26/2025 16:00:00,88.1,88.17,87.6,87.74,26522734
12/29/2025 16:00:00,87.95,88.07,87.79,88.07,29399823
12/30/2025 16:00:00,87.74,88.04,87.67,87.86,25106784
12/31/2025 16:00:00,87.68,87.91,87.13,87.16,36500036
1/2/2026 16:00:00,87.4,87.41,87.02,87.03,40731251
1/5/2026 16:00:00,87.18,87.52,87.11,87.46,30178030
1/6/2026 16:00:00,87.15,87.34,86.9,87.28,39015179
1/7/2026 16:00:00,87.84,88.01,87.48,87.79,39930912
1/8/2026 16:00:00,87.33,87.55,87.25,87.35,28204899
1/9/2026 16:00:00,87.3,88,87.12,87.93,57348793
1/12/2026 16:00:00,87.5,87.91,87.41,87.67,36103071
1/13/2026 16:00:00,87.88,87.91,87.54,87.82,30451400
1/14/2026 16:00:00,87.91,88.43,87.89,88.33,39233477
1/15/2026 16:00:00,88.64,88.66,88.31,88.31,37988942
1/16/2026 16:00:00,88.13,88.32,87.71,87.8,46382396
1/20/2026 16:00:00,86.63,87.03,86.54,86.65,66009536
1/21/2026 16:00:00,86.8,87.48,86.62,87.31,51220133
1/22/2026 16:00:00,87.27,87.76,87.14,87.69,42419291
1/23/2026 16:00:00,87.83,88.03,87.5,87.93,35968799
1/26/2026 16:00:00,88.4,88.49,88.2,88.35,38882362
1/27/2026 16:00:00,88.11,88.25,87.68,87.8,35180128
1/28/2026 16:00:00,87.51,87.7,87.29,87.6,38750296
1/29/2026 16:00:00,87.15,87.74,87.08,87.62,43854982
1/30/2026 16:00:00,87.38,87.56,87.13,87.13,45832193
2/2/2026 16:00:00,87.02,87.06,86.55,86.55,38171395
2/3/2026 16:00:00,86.49,86.78,86.43,86.76,27438196
2/4/2026 16:00:00,86.63,86.78,86.46,86.54,37872880
2/5/2026 16:00:00,86.93,87.48,86.75,87.48,50268911
2/6/2026 16:00:00,87.45,87.54,87.2,87.54,33461764
2/9/2026 16:00:00,87.2,87.58,87.03,87.52,24708880
2/10/2026 16:00:00,88.24,88.53,88.22,88.53,37253715
2/11/2026 16:00:00,88.04,88.48,87.94,88.06,37014010
2/12/2026 16:00:00,88.36,89.28,88.35,89.23,48454859
2/13/2026 16:00:00,89.63,89.81,89.52,89.72,56785154
2/17/2026 16:00:00,89.93,90.12,89.76,89.87,32356748
2/18/2026 16:00:00,89.69,89.86,89.47,89.53,35415364
2/19/2026 16:00:00,89.4,89.72,89.37,89.62,28658625
2/20/2026 16:00:00,89.7,89.74,88.93,89.41,49610815
2/23/2026 16:00:00,89.55,90,89.53,89.74,33455436
2/24/2026 16:00:00,89.95,90.05,89.76,89.9,24773661
2/25/2026 16:00:00,89.71,90.08,89.71,89.91,22631379
2/26/2026 16:00:00,90.06,90.32,90.05,90.27,28850239
2/27/2026 16:00:00,90.69,90.86,90.55,90.82,49604252
3/2/2026 16:00:00,89.98,89.99,89.36,89.61,55273882
3/3/2026 16:00:00,88.98,89.67,88.94,89.43,51675009
3/4/2026 16:00:00,89.27,89.44,89.1,89.15,46699232
3/5/2026 16:00:00,88.63,88.94,88.51,88.79,45139648
3/6/2026 16:00:00,88.32,88.94,88.02,88.46,57713717
3/9/2026 16:00:00,88.3,89.32,88.21,89.23,52271576
3/10/2026 16:00:00,88.8,88.95,88.27,88.28,48271585
3/11/2026 16:00:00,87.75,87.81,87.08,87.14,54679852
3/12/2026 16:00:00,86.91,87.25,86.78,86.97,48976970
3/13/2026 16:00:00,86.93,87.15,86.47,86.54,43459981
3/16/2026 16:00:00,87.18,87.34,86.96,87.21,37341485
3/17/2026 16:00:00,87.36,87.57,87.32,87.45,19578067
3/18/2026 16:00:00,87.36,87.48,86.93,86.96,37596579
3/19/2026 16:00:00,87.06,87.73,86.97,87.49,60307437
3/20/2026 16:00:00,86.81,86.86,85.76,85.83,78948516
3/23/2026 16:00:00,86.18,86.72,85.94,86.39,69686652
3/24/2026 16:00:00,85.72,86.29,85.56,86.01,51799399
3/25/2026 16:00:00,86.75,86.88,86.48,86.84,37861005
3/26/2026 16:00:00,86.34,86.61,85.93,86.11,39536966
3/27/2026 16:00:00,85.5,86.1,85.45,85.64,39928852
3/30/2026 16:00:00,86.63,86.95,86.49,86.78,36473153
3/31/2026 16:00:00,86.93,87.16,86.57,86.69,47112153
4/1/2026 16:00:00,86.28,86.71,86.23,86.26,31157622
4/2/2026 16:00:00,86.21,86.85,86.15,86.79,33310584
4/6/2026 16:00:00,86.5,86.85,86.39,86.65,14660325
4/7/2026 16:00:00,86.52,86.68,85.91,86.64,22747228
4/8/2026 16:00:00,87.36,87.37,86.73,86.92,22244916
4/9/2026 16:00:00,86.69,87.13,86.39,86.7,18909083
4/10/2026 16:00:00,86.6,86.68,86.33,86.49,13247732
4/13/2026 16:00:00,86.44,86.8,86.25,86.75,12719727
4/14/2026 16:00:00,86.7,87.24,86.63,87.21,16606918
4/15/2026 16:00:00,87.02,87.07,86.73,86.83,15119636
4/16/2026 16:00:00,86.92,86.97,86.2,86.28,20001034
4/17/2026 16:00:00,87.05,87.21,86.89,87.07,29604128
4/20/2026 16:00:00,87.11,87.13,86.71,87.05,14623480
4/21/2026 16:00:00,86.97,87.09,86.53,86.57,19798693
4/22/2026 16:00:00,87.05,87.16,86.71,86.74,13676816
4/23/2026 16:00:00,86.83,87.04,86.24,86.55,21106665
4/24/2026 16:00:00,86.46,86.82,86.25,86.71,22285741
4/27/2026 16:00:00,86.49,86.62,86.19,86.28,19250144
4/28/2026 16:00:00,86.12,86.37,85.94,86.37,14553573
4/29/2026 16:00:00,85.99,85.99,85.55,85.7,29020824
4/30/2026 16:00:00,85.89,85.9,85.39,85.62,28516181
5/1/2026 16:00:00,85.5,86,85.34,85.61,21280952
5/4/2026 16:00:00,85.35,85.36,84.76,84.96,27226010
5/5/2026 16:00:00,85.15,85.49,85.09,85.43,18226455
5/6/2026 16:00:00,86.05,86.17,85.92,86.08,22530704
5/7/2026 16:00:00,86.28,86.29,85.6,85.65,21178332
5/8/2026 16:00:00,86.06,86.28,85.99,86.08,30797630
5/11/2026 16:00:00,85.88,85.92,85.49,85.56,17713654
5/12/2026 16:00:00,85.19,85.2,84.92,84.99,27680614
5/13/2026 16:00:00,84.94,85.05,84.59,84.8,26295100
5/14/2026 16:00:00,85.26,85.38,84.91,84.92,25247190
5/15/2026 16:00:00,83.87,83.97,83.59,83.66,50795960
5/18/2026 16:00:00,83.7,83.92,83.32,83.56,26166181